-- ============================================================
--  FootyStck - Datos de ejemplo (generado por tools/generar-seed.js)
-- ============================================================
-- USUARIOS (contraseñas en texto plano para que sea sencillo)
INSERT INTO usuarios (id, nombre, email, password, rol) VALUES
  (1, 'Enrique (Admin)', 'admin@footystck.com',  'admin123', 'admin'),
  (2, 'Cliente Prueba',  'cliente@footystck.com','cliente123', 'cliente');

-- LIGAS
INSERT INTO ligas (id, nombre, pais, division, codigo_api) VALUES
  (1, 'LaLiga', 'España', 1, 140),
  (2, 'LaLiga 2', 'España', 2, 141),
  (3, 'Premier League', 'Inglaterra', 1, 39),
  (4, 'Championship', 'Inglaterra', 2, 40),
  (5, 'Ligue 1', 'Francia', 1, 61),
  (6, 'Bundesliga', 'Alemania', 1, 78),
  (7, '2. Bundesliga', 'Alemania', 2, 79),
  (8, 'Serie A', 'Italia', 1, 135),
  (9, 'Liga Profesional', 'Argentina', 1, 128),
  (10, 'Serie A', 'Brasil', 1, 71),
  (11, 'Eredivisie', 'Holanda', 1, 88),
  (12, 'Jupiler Pro League', 'Bélgica', 1, 144),
  (13, 'Premiership', 'Escocia', 1, 179),
  (14, 'J1 League', 'Japón', 1, 98),
  (15, 'Liga MX', 'México', 1, 262),
  (16, 'Major League Soccer', 'Estados Unidos', 1, 253),
  (17, 'Saudi Pro League', 'Arabia Saudí', 1, 307);

-- EQUIPOS
INSERT INTO equipos (id, nombre, escudo_url, liga_id, es_otros, codigo_api) VALUES
  (1, 'Real Madrid', 'https://media.api-sports.io/football/teams/541.png', 1, FALSE, 541),
  (2, 'FC Barcelona', 'https://media.api-sports.io/football/teams/529.png', 1, FALSE, 529),
  (3, 'Atletico de Madrid', 'https://media.api-sports.io/football/teams/530.png', 1, FALSE, 530),
  (4, 'Athletic Club', 'https://media.api-sports.io/football/teams/531.png', 1, FALSE, 531),
  (5, 'Real Sociedad', 'https://media.api-sports.io/football/teams/548.png', 1, FALSE, 548),
  (6, 'Real Betis', 'https://media.api-sports.io/football/teams/543.png', 1, FALSE, 543),
  (7, 'Villarreal', 'https://media.api-sports.io/football/teams/533.png', 1, FALSE, 533),
  (8, 'Valencia', 'https://media.api-sports.io/football/teams/532.png', 1, FALSE, 532),
  (9, 'Sevilla', 'https://media.api-sports.io/football/teams/536.png', 1, FALSE, 536),
  (10, 'Girona', 'https://media.api-sports.io/football/teams/547.png', 1, FALSE, 547),
  (11, 'Getafe', 'https://media.api-sports.io/football/teams/546.png', 1, FALSE, 546),
  (12, 'Osasuna', 'https://media.api-sports.io/football/teams/727.png', 1, FALSE, 727),
  (13, 'Celta de Vigo', 'https://media.api-sports.io/football/teams/538.png', 1, FALSE, 538),
  (14, 'Rayo Vallecano', 'https://media.api-sports.io/football/teams/728.png', 1, FALSE, 728),
  (15, 'Mallorca', 'https://media.api-sports.io/football/teams/798.png', 1, FALSE, 798),
  (16, 'Deportivo Alaves', 'https://media.api-sports.io/football/teams/542.png', 1, FALSE, 542),
  (17, 'RCD Espanyol', NULL, 1, FALSE, NULL),
  (18, 'Levante', 'https://media.api-sports.io/football/teams/539.png', 1, FALSE, 539),
  (19, 'Elche', 'https://media.api-sports.io/football/teams/797.png', 1, FALSE, 797),
  (20, 'Real Oviedo', NULL, 1, FALSE, NULL),
  (21, 'Deportivo de La Coruna', NULL, 2, FALSE, NULL),
  (22, 'Sporting de Gijon', 'https://media.api-sports.io/football/teams/731.png', 2, FALSE, 731),
  (23, 'Real Zaragoza', 'https://media.api-sports.io/football/teams/732.png', 2, FALSE, 732),
  (24, 'Racing de Santander', 'https://media.api-sports.io/football/teams/4665.png', 2, FALSE, 4665),
  (25, 'Granada', 'https://media.api-sports.io/football/teams/715.png', 2, FALSE, 715),
  (26, 'Cadiz', 'https://media.api-sports.io/football/teams/724.png', 2, FALSE, 724),
  (27, 'Almeria', 'https://media.api-sports.io/football/teams/723.png', 2, FALSE, 723),
  (28, 'Eibar', 'https://media.api-sports.io/football/teams/545.png', 2, FALSE, 545),
  (29, 'Malaga', 'https://media.api-sports.io/football/teams/535.png', 2, FALSE, 535),
  (30, 'Tenerife', 'https://media.api-sports.io/football/teams/719.png', 2, FALSE, 719),
  (31, 'Real Valladolid', NULL, 2, FALSE, NULL),
  (32, 'UD Las Palmas', 'https://media.api-sports.io/football/teams/534.png', 2, FALSE, 534),
  (33, 'Leganes', 'https://media.api-sports.io/football/teams/537.png', 2, FALSE, 537),
  (34, 'CD Castellon', NULL, 2, FALSE, NULL),
  (35, 'CD Mirandes', NULL, 2, FALSE, NULL),
  (36, 'Manchester City', 'https://media.api-sports.io/football/teams/50.png', 3, FALSE, 50),
  (37, 'Arsenal', 'https://media.api-sports.io/football/teams/42.png', 3, FALSE, 42),
  (38, 'Liverpool', 'https://media.api-sports.io/football/teams/40.png', 3, FALSE, 40),
  (39, 'Manchester United', 'https://media.api-sports.io/football/teams/33.png', 3, FALSE, 33),
  (40, 'Chelsea', 'https://media.api-sports.io/football/teams/49.png', 3, FALSE, 49),
  (41, 'Tottenham Hotspur', 'https://media.api-sports.io/football/teams/47.png', 3, FALSE, 47),
  (42, 'Newcastle United', 'https://media.api-sports.io/football/teams/34.png', 3, FALSE, 34),
  (43, 'Aston Villa', 'https://media.api-sports.io/football/teams/66.png', 3, FALSE, 66),
  (44, 'Brighton', 'https://media.api-sports.io/football/teams/51.png', 3, FALSE, 51),
  (45, 'West Ham United', 'https://media.api-sports.io/football/teams/48.png', 3, FALSE, 48),
  (46, 'Everton', 'https://media.api-sports.io/football/teams/45.png', 3, FALSE, 45),
  (47, 'Wolverhampton', NULL, 3, FALSE, NULL),
  (48, 'Fulham', 'https://media.api-sports.io/football/teams/36.png', 3, FALSE, 36),
  (49, 'Crystal Palace', 'https://media.api-sports.io/football/teams/52.png', 3, FALSE, 52),
  (50, 'Brentford', 'https://media.api-sports.io/football/teams/55.png', 3, FALSE, 55),
  (51, 'Nottingham Forest', 'https://media.api-sports.io/football/teams/65.png', 3, FALSE, 65),
  (52, 'Bournemouth', 'https://media.api-sports.io/football/teams/35.png', 3, FALSE, 35),
  (53, 'Leeds United', 'https://media.api-sports.io/football/teams/63.png', 3, FALSE, 63),
  (54, 'Burnley', 'https://media.api-sports.io/football/teams/44.png', 3, FALSE, 44),
  (55, 'Sunderland', 'https://media.api-sports.io/football/teams/746.png', 3, FALSE, 746),
  (56, 'Leicester City', NULL, 4, FALSE, NULL),
  (57, 'Ipswich Town', NULL, 4, FALSE, NULL),
  (58, 'Southampton', 'https://media.api-sports.io/football/teams/41.png', 4, FALSE, 41),
  (59, 'Sheffield United', NULL, 4, FALSE, NULL),
  (60, 'West Bromwich Albion', NULL, 4, FALSE, NULL),
  (61, 'Norwich City', 'https://media.api-sports.io/football/teams/71.png', 4, FALSE, 71),
  (62, 'Middlesbrough', 'https://media.api-sports.io/football/teams/70.png', 4, FALSE, 70),
  (63, 'Coventry City', 'https://media.api-sports.io/football/teams/1346.png', 4, FALSE, 1346),
  (64, 'Watford', 'https://media.api-sports.io/football/teams/38.png', 4, FALSE, 38),
  (65, 'Stoke City', 'https://media.api-sports.io/football/teams/75.png', 4, FALSE, 75),
  (66, 'Bristol City', 'https://media.api-sports.io/football/teams/56.png', 4, FALSE, 56),
  (67, 'Birmingham City', NULL, 4, FALSE, NULL),
  (68, 'Wrexham', NULL, 4, FALSE, NULL),
  (69, 'Charlton Athletic', NULL, 4, FALSE, NULL),
  (70, 'Preston North End', NULL, 4, FALSE, NULL),
  (71, 'Paris Saint-Germain', 'https://media.api-sports.io/football/teams/85.png', 5, FALSE, 85),
  (72, 'Olympique de Marseille', 'https://media.api-sports.io/football/teams/81.png', 5, FALSE, 81),
  (73, 'AS Monaco', 'https://media.api-sports.io/football/teams/91.png', 5, FALSE, 91),
  (74, 'Olympique de Lyon', 'https://media.api-sports.io/football/teams/80.png', 5, FALSE, 80),
  (75, 'Lille', 'https://media.api-sports.io/football/teams/79.png', 5, FALSE, 79),
  (76, 'OGC Nice', 'https://media.api-sports.io/football/teams/84.png', 5, FALSE, 84),
  (77, 'RC Lens', 'https://media.api-sports.io/football/teams/116.png', 5, FALSE, 116),
  (78, 'Stade Rennais', NULL, 5, FALSE, NULL),
  (79, 'RC Strasbourg', 'https://media.api-sports.io/football/teams/95.png', 5, FALSE, 95),
  (80, 'FC Nantes', 'https://media.api-sports.io/football/teams/83.png', 5, FALSE, 83),
  (81, 'Toulouse', 'https://media.api-sports.io/football/teams/96.png', 5, FALSE, 96),
  (82, 'Stade Brestois', 'https://media.api-sports.io/football/teams/106.png', 5, FALSE, 106),
  (83, 'AJ Auxerre', NULL, 5, FALSE, NULL),
  (84, 'Le Havre', 'https://media.api-sports.io/football/teams/111.png', 5, FALSE, 111),
  (85, 'Angers', 'https://media.api-sports.io/football/teams/77.png', 5, FALSE, 77),
  (86, 'Lorient', NULL, 5, FALSE, NULL),
  (87, 'Paris FC', NULL, 5, FALSE, NULL),
  (88, 'Metz', NULL, 5, FALSE, NULL),
  (89, 'Bayern Munich', 'https://media.api-sports.io/football/teams/157.png', 6, FALSE, 157),
  (90, 'Borussia Dortmund', 'https://media.api-sports.io/football/teams/165.png', 6, FALSE, 165),
  (91, 'RB Leipzig', 'https://media.api-sports.io/football/teams/173.png', 6, FALSE, 173),
  (92, 'Bayer Leverkusen', 'https://media.api-sports.io/football/teams/168.png', 6, FALSE, 168),
  (93, 'Eintracht Frankfurt', 'https://media.api-sports.io/football/teams/169.png', 6, FALSE, 169),
  (94, 'VfB Stuttgart', 'https://media.api-sports.io/football/teams/172.png', 6, FALSE, 172),
  (95, 'VfL Wolfsburg', 'https://media.api-sports.io/football/teams/161.png', 6, FALSE, 161),
  (96, 'Borussia Monchengladbach', 'https://media.api-sports.io/football/teams/163.png', 6, FALSE, 163),
  (97, 'Werder Bremen', 'https://media.api-sports.io/football/teams/162.png', 6, FALSE, 162),
  (98, 'Hoffenheim', 'https://media.api-sports.io/football/teams/167.png', 6, FALSE, 167),
  (99, 'SC Freiburg', 'https://media.api-sports.io/football/teams/160.png', 6, FALSE, 160),
  (100, 'Mainz 05', 'https://media.api-sports.io/football/teams/164.png', 6, FALSE, 164),
  (101, 'FC Augsburg', 'https://media.api-sports.io/football/teams/170.png', 6, FALSE, 170),
  (102, 'Union Berlin', 'https://media.api-sports.io/football/teams/182.png', 6, FALSE, 182),
  (103, 'Heidenheim', 'https://media.api-sports.io/football/teams/180.png', 6, FALSE, 180),
  (104, 'St. Pauli', NULL, 6, FALSE, NULL),
  (105, 'Hamburger SV', 'https://media.api-sports.io/football/teams/175.png', 6, FALSE, 175),
  (106, '1. FC Koln', NULL, 6, FALSE, NULL),
  (107, 'Schalke 04', 'https://media.api-sports.io/football/teams/174.png', 7, FALSE, 174),
  (108, 'Hertha BSC', 'https://media.api-sports.io/football/teams/159.png', 7, FALSE, 159),
  (109, 'Fortuna Dusseldorf', 'https://media.api-sports.io/football/teams/158.png', 7, FALSE, 158),
  (110, 'Kaiserslautern', 'https://media.api-sports.io/football/teams/745.png', 7, FALSE, 745),
  (111, 'Hannover 96', 'https://media.api-sports.io/football/teams/166.png', 7, FALSE, 166),
  (112, '1. FC Nurnberg', 'https://media.api-sports.io/football/teams/171.png', 7, FALSE, 171),
  (113, 'Karlsruher SC', 'https://media.api-sports.io/football/teams/785.png', 7, FALSE, 785),
  (114, 'SC Paderborn', 'https://media.api-sports.io/football/teams/185.png', 7, FALSE, 185),
  (115, 'VfL Bochum', 'https://media.api-sports.io/football/teams/176.png', 7, FALSE, 176),
  (116, 'Holstein Kiel', 'https://media.api-sports.io/football/teams/191.png', 7, FALSE, 191),
  (117, 'Inter', 'https://media.api-sports.io/football/teams/505.png', 8, FALSE, 505),
  (118, 'AC Milan', 'https://media.api-sports.io/football/teams/489.png', 8, FALSE, 489),
  (119, 'Juventus', 'https://media.api-sports.io/football/teams/496.png', 8, FALSE, 496),
  (120, 'Napoli', 'https://media.api-sports.io/football/teams/492.png', 8, FALSE, 492),
  (121, 'AS Roma', 'https://media.api-sports.io/football/teams/497.png', 8, FALSE, 497),
  (122, 'Lazio', 'https://media.api-sports.io/football/teams/487.png', 8, FALSE, 487),
  (123, 'Atalanta', 'https://media.api-sports.io/football/teams/499.png', 8, FALSE, 499),
  (124, 'Fiorentina', 'https://media.api-sports.io/football/teams/502.png', 8, FALSE, 502),
  (125, 'Bologna', 'https://media.api-sports.io/football/teams/500.png', 8, FALSE, 500),
  (126, 'Torino', 'https://media.api-sports.io/football/teams/503.png', 8, FALSE, 503),
  (127, 'Udinese', 'https://media.api-sports.io/football/teams/494.png', 8, FALSE, 494),
  (128, 'Genoa', 'https://media.api-sports.io/football/teams/495.png', 8, FALSE, 495),
  (129, 'Como', 'https://media.api-sports.io/football/teams/895.png', 8, FALSE, 895),
  (130, 'Cagliari', 'https://media.api-sports.io/football/teams/490.png', 8, FALSE, 490),
  (131, 'Hellas Verona', 'https://media.api-sports.io/football/teams/504.png', 8, FALSE, 504),
  (132, 'Lecce', 'https://media.api-sports.io/football/teams/867.png', 8, FALSE, 867),
  (133, 'Parma', 'https://media.api-sports.io/football/teams/523.png', 8, FALSE, 523),
  (134, 'Sassuolo', NULL, 8, FALSE, NULL),
  (135, 'Pisa', NULL, 8, FALSE, NULL),
  (136, 'Cremonese', NULL, 8, FALSE, NULL),
  (137, 'Boca Juniors', 'https://media.api-sports.io/football/teams/451.png', 9, FALSE, 451),
  (138, 'River Plate', 'https://media.api-sports.io/football/teams/435.png', 9, FALSE, 435),
  (139, 'Racing Club', 'https://media.api-sports.io/football/teams/436.png', 9, FALSE, 436),
  (140, 'Independiente', 'https://media.api-sports.io/football/teams/453.png', 9, FALSE, 453),
  (141, 'San Lorenzo', 'https://media.api-sports.io/football/teams/460.png', 9, FALSE, 460),
  (142, 'Velez Sarsfield', 'https://media.api-sports.io/football/teams/438.png', 9, FALSE, 438),
  (143, 'Estudiantes', 'https://media.api-sports.io/football/teams/450.png', 9, FALSE, 450),
  (144, 'Newells Old Boys', 'https://media.api-sports.io/football/teams/457.png', 9, FALSE, 457),
  (145, 'Flamengo', 'https://media.api-sports.io/football/teams/127.png', 10, FALSE, 127),
  (146, 'Palmeiras', 'https://media.api-sports.io/football/teams/121.png', 10, FALSE, 121),
  (147, 'Corinthians', 'https://media.api-sports.io/football/teams/131.png', 10, FALSE, 131),
  (148, 'Sao Paulo', 'https://media.api-sports.io/football/teams/126.png', 10, FALSE, 126),
  (149, 'Fluminense', 'https://media.api-sports.io/football/teams/124.png', 10, FALSE, 124),
  (150, 'Gremio', 'https://media.api-sports.io/football/teams/130.png', 10, FALSE, 130),
  (151, 'Internacional', 'https://media.api-sports.io/football/teams/119.png', 10, FALSE, 119),
  (152, 'Atletico Mineiro', 'https://media.api-sports.io/football/teams/117.png', 10, FALSE, 117),
  (153, 'Botafogo', 'https://media.api-sports.io/football/teams/120.png', 10, FALSE, 120),
  (154, 'Santos', 'https://media.api-sports.io/football/teams/128.png', 10, FALSE, 128),
  (155, 'Ajax', 'https://media.api-sports.io/football/teams/194.png', 11, FALSE, 194),
  (156, 'PSV Eindhoven', 'https://media.api-sports.io/football/teams/197.png', 11, FALSE, 197),
  (157, 'Feyenoord', 'https://media.api-sports.io/football/teams/209.png', 11, FALSE, 209),
  (158, 'AZ Alkmaar', 'https://media.api-sports.io/football/teams/201.png', 11, FALSE, 201),
  (159, 'FC Twente', 'https://media.api-sports.io/football/teams/415.png', 11, FALSE, 415),
  (160, 'FC Utrecht', 'https://media.api-sports.io/football/teams/207.png', 11, FALSE, 207),
  (161, 'Club Brugge', 'https://media.api-sports.io/football/teams/569.png', 12, FALSE, 569),
  (162, 'Anderlecht', 'https://media.api-sports.io/football/teams/554.png', 12, FALSE, 554),
  (163, 'Genk', 'https://media.api-sports.io/football/teams/742.png', 12, FALSE, 742),
  (164, 'Standard Liege', 'https://media.api-sports.io/football/teams/733.png', 12, FALSE, 733),
  (165, 'Royal Antwerp', 'https://media.api-sports.io/football/teams/740.png', 12, FALSE, 740),
  (166, 'Gent', 'https://media.api-sports.io/football/teams/631.png', 12, FALSE, 631),
  (167, 'Celtic', 'https://media.api-sports.io/football/teams/247.png', 13, FALSE, 247),
  (168, 'Rangers', 'https://media.api-sports.io/football/teams/257.png', 13, FALSE, 257),
  (169, 'Aberdeen', 'https://media.api-sports.io/football/teams/252.png', 13, FALSE, 252),
  (170, 'Heart of Midlothian', 'https://media.api-sports.io/football/teams/254.png', 13, FALSE, 254),
  (171, 'Hibernian', 'https://media.api-sports.io/football/teams/249.png', 13, FALSE, 249),
  (172, 'Urawa Red Diamonds', 'https://media.api-sports.io/football/teams/287.png', 14, FALSE, 287),
  (173, 'Kashima Antlers', 'https://media.api-sports.io/football/teams/290.png', 14, FALSE, 290),
  (174, 'Yokohama F. Marinos', 'https://media.api-sports.io/football/teams/296.png', 14, FALSE, 296),
  (175, 'Kawasaki Frontale', 'https://media.api-sports.io/football/teams/294.png', 14, FALSE, 294),
  (176, 'Vissel Kobe', 'https://media.api-sports.io/football/teams/289.png', 14, FALSE, 289),
  (177, 'Gamba Osaka', 'https://media.api-sports.io/football/teams/293.png', 14, FALSE, 293),
  (178, 'Club America', 'https://media.api-sports.io/football/teams/2287.png', 15, FALSE, 2287),
  (179, 'Guadalajara', 'https://media.api-sports.io/football/teams/2278.png', 15, FALSE, 2278),
  (180, 'Cruz Azul', 'https://media.api-sports.io/football/teams/2295.png', 15, FALSE, 2295),
  (181, 'Pumas UNAM', NULL, 15, FALSE, NULL),
  (182, 'Monterrey', 'https://media.api-sports.io/football/teams/2282.png', 15, FALSE, 2282),
  (183, 'Tigres UANL', 'https://media.api-sports.io/football/teams/2279.png', 15, FALSE, 2279),
  (184, 'Inter Miami', 'https://media.api-sports.io/football/teams/9568.png', 16, FALSE, 9568),
  (185, 'LA Galaxy', NULL, 16, FALSE, NULL),
  (186, 'Los Angeles FC', 'https://media.api-sports.io/football/teams/1616.png', 16, FALSE, 1616),
  (187, 'Seattle Sounders', 'https://media.api-sports.io/football/teams/1595.png', 16, FALSE, 1595),
  (188, 'Atlanta United', 'https://media.api-sports.io/football/teams/1608.png', 16, FALSE, 1608),
  (189, 'New York City FC', 'https://media.api-sports.io/football/teams/1604.png', 16, FALSE, 1604),
  (190, 'Al Nassr', 'https://media.api-sports.io/football/teams/2939.png', 17, FALSE, 2939),
  (191, 'Al Hilal', 'https://media.api-sports.io/football/teams/2932.png', 17, FALSE, 2932),
  (192, 'Al Ittihad', 'https://media.api-sports.io/football/teams/2938.png', 17, FALSE, 2938),
  (193, 'Al Ahli', 'https://media.api-sports.io/football/teams/2929.png', 17, FALSE, 2929),
  (194, 'FC Porto', 'https://media.api-sports.io/football/teams/212.png', NULL, TRUE, 212),
  (195, 'Benfica', 'https://media.api-sports.io/football/teams/211.png', NULL, TRUE, 211),
  (196, 'Sporting CP', 'https://media.api-sports.io/football/teams/228.png', NULL, TRUE, 228),
  (197, 'Galatasaray', 'https://media.api-sports.io/football/teams/645.png', NULL, TRUE, 645),
  (198, 'Fenerbahce', 'https://media.api-sports.io/football/teams/611.png', NULL, TRUE, 611),
  (199, 'Besiktas', 'https://media.api-sports.io/football/teams/549.png', NULL, TRUE, 549),
  (200, 'Olympiacos', NULL, NULL, TRUE, NULL),
  (201, 'Red Bull Salzburg', 'https://media.api-sports.io/football/teams/571.png', NULL, TRUE, 571);

-- CAMISETAS
INSERT INTO camisetas (id, nombre, equipo_id, temporada, tipo, coleccion, precio, stock, imagen_url, descripcion, destacado) VALUES
  (1, 'Camiseta Real Madrid Retro 2002', 1, '2001/02', 'local', 'retro', 20, 15, '/img/rm-retro.svg', 'Camiseta retro 2001/02.', TRUE),
  (2, 'Camiseta FC Barcelona Retro 2009', 2, '2008/09', 'local', 'retro', 20, 12, '/img/barca-retro.svg', 'Camiseta retro 2008/09 (triplete).', FALSE),
  (3, 'Camiseta Real Madrid Local', 1, '2025/26', 'local', 'actual', 20, 20, '/img/rm-local.svg', 'Local equipacion 2025/26 del Real Madrid.', TRUE),
  (4, 'Camiseta Real Madrid Visitante', 1, '2025/26', 'visitante', 'actual', 20, 20, '/img/rm-visitante.svg', 'Visitante equipacion 2025/26 del Real Madrid.', FALSE),
  (5, 'Camiseta Real Madrid Tercera', 1, '2025/26', 'tercera', 'actual', 20, 20, '/img/equipos/real-madrid-tercera.svg', 'Tercera equipacion 2025/26 del Real Madrid.', FALSE),
  (6, 'Camiseta FC Barcelona Local', 2, '2025/26', 'local', 'actual', 20, 20, '/img/barca-local.svg', 'Local equipacion 2025/26 del FC Barcelona.', TRUE),
  (7, 'Camiseta FC Barcelona Visitante', 2, '2025/26', 'visitante', 'actual', 20, 20, '/img/barca-visitante.svg', 'Visitante equipacion 2025/26 del FC Barcelona.', FALSE),
  (8, 'Camiseta FC Barcelona Tercera', 2, '2025/26', 'tercera', 'actual', 20, 20, '/img/equipos/fc-barcelona-tercera.svg', 'Tercera equipacion 2025/26 del FC Barcelona.', FALSE),
  (9, 'Camiseta Atletico de Madrid Local', 3, '2025/26', 'local', 'actual', 20, 20, '/img/atletico-local.svg', 'Local equipacion 2025/26 del Atletico de Madrid.', TRUE),
  (10, 'Camiseta Atletico de Madrid Visitante', 3, '2025/26', 'visitante', 'actual', 20, 20, '/img/equipos/atletico-de-madrid-visitante.svg', 'Visitante equipacion 2025/26 del Atletico de Madrid.', FALSE),
  (11, 'Camiseta Atletico de Madrid Tercera', 3, '2025/26', 'tercera', 'actual', 20, 20, '/img/equipos/atletico-de-madrid-tercera.svg', 'Tercera equipacion 2025/26 del Atletico de Madrid.', FALSE),
  (12, 'Camiseta Athletic Club Local', 4, '2025/26', 'local', 'actual', 20, 20, '/img/equipos/athletic-club-local.svg', 'Local equipacion 2025/26 del Athletic Club.', FALSE),
  (13, 'Camiseta Athletic Club Visitante', 4, '2025/26', 'visitante', 'actual', 20, 20, '/img/equipos/athletic-club-visitante.svg', 'Visitante equipacion 2025/26 del Athletic Club.', FALSE),
  (14, 'Camiseta Athletic Club Tercera', 4, '2025/26', 'tercera', 'actual', 20, 20, '/img/equipos/athletic-club-tercera.svg', 'Tercera equipacion 2025/26 del Athletic Club.', FALSE),
  (15, 'Camiseta Real Sociedad Local', 5, '2025/26', 'local', 'actual', 20, 20, '/img/equipos/real-sociedad-local.svg', 'Local equipacion 2025/26 del Real Sociedad.', FALSE),
  (16, 'Camiseta Real Sociedad Visitante', 5, '2025/26', 'visitante', 'actual', 20, 20, '/img/equipos/real-sociedad-visitante.svg', 'Visitante equipacion 2025/26 del Real Sociedad.', FALSE),
  (17, 'Camiseta Real Sociedad Tercera', 5, '2025/26', 'tercera', 'actual', 20, 20, '/img/equipos/real-sociedad-tercera.svg', 'Tercera equipacion 2025/26 del Real Sociedad.', FALSE),
  (18, 'Camiseta Real Betis Local', 6, '2025/26', 'local', 'actual', 20, 20, '/img/equipos/real-betis-local.svg', 'Local equipacion 2025/26 del Real Betis.', FALSE),
  (19, 'Camiseta Real Betis Visitante', 6, '2025/26', 'visitante', 'actual', 20, 20, '/img/equipos/real-betis-visitante.svg', 'Visitante equipacion 2025/26 del Real Betis.', FALSE),
  (20, 'Camiseta Real Betis Tercera', 6, '2025/26', 'tercera', 'actual', 20, 20, '/img/equipos/real-betis-tercera.svg', 'Tercera equipacion 2025/26 del Real Betis.', FALSE),
  (21, 'Camiseta Villarreal Local', 7, '2025/26', 'local', 'actual', 20, 20, '/img/equipos/villarreal-local.svg', 'Local equipacion 2025/26 del Villarreal.', FALSE),
  (22, 'Camiseta Villarreal Visitante', 7, '2025/26', 'visitante', 'actual', 20, 20, '/img/equipos/villarreal-visitante.svg', 'Visitante equipacion 2025/26 del Villarreal.', FALSE),
  (23, 'Camiseta Villarreal Tercera', 7, '2025/26', 'tercera', 'actual', 20, 20, '/img/equipos/villarreal-tercera.svg', 'Tercera equipacion 2025/26 del Villarreal.', FALSE),
  (24, 'Camiseta Valencia Local', 8, '2025/26', 'local', 'actual', 20, 20, '/img/equipos/valencia-local.svg', 'Local equipacion 2025/26 del Valencia.', FALSE),
  (25, 'Camiseta Valencia Visitante', 8, '2025/26', 'visitante', 'actual', 20, 20, '/img/equipos/valencia-visitante.svg', 'Visitante equipacion 2025/26 del Valencia.', FALSE),
  (26, 'Camiseta Valencia Tercera', 8, '2025/26', 'tercera', 'actual', 20, 20, '/img/equipos/valencia-tercera.svg', 'Tercera equipacion 2025/26 del Valencia.', FALSE),
  (27, 'Camiseta Sevilla Local', 9, '2025/26', 'local', 'actual', 20, 20, '/img/equipos/sevilla-local.svg', 'Local equipacion 2025/26 del Sevilla.', FALSE),
  (28, 'Camiseta Sevilla Visitante', 9, '2025/26', 'visitante', 'actual', 20, 20, '/img/equipos/sevilla-visitante.svg', 'Visitante equipacion 2025/26 del Sevilla.', FALSE),
  (29, 'Camiseta Sevilla Tercera', 9, '2025/26', 'tercera', 'actual', 20, 20, '/img/equipos/sevilla-tercera.svg', 'Tercera equipacion 2025/26 del Sevilla.', FALSE),
  (30, 'Camiseta Girona Local', 10, '2025/26', 'local', 'actual', 20, 20, '/img/equipos/girona-local.svg', 'Local equipacion 2025/26 del Girona.', FALSE),
  (31, 'Camiseta Girona Visitante', 10, '2025/26', 'visitante', 'actual', 20, 20, '/img/equipos/girona-visitante.svg', 'Visitante equipacion 2025/26 del Girona.', FALSE),
  (32, 'Camiseta Girona Tercera', 10, '2025/26', 'tercera', 'actual', 20, 20, '/img/equipos/girona-tercera.svg', 'Tercera equipacion 2025/26 del Girona.', FALSE),
  (33, 'Camiseta Getafe Local', 11, '2025/26', 'local', 'actual', 20, 20, '/img/equipos/getafe-local.svg', 'Local equipacion 2025/26 del Getafe.', FALSE),
  (34, 'Camiseta Getafe Visitante', 11, '2025/26', 'visitante', 'actual', 20, 20, '/img/equipos/getafe-visitante.svg', 'Visitante equipacion 2025/26 del Getafe.', FALSE),
  (35, 'Camiseta Getafe Tercera', 11, '2025/26', 'tercera', 'actual', 20, 20, '/img/equipos/getafe-tercera.svg', 'Tercera equipacion 2025/26 del Getafe.', FALSE),
  (36, 'Camiseta Osasuna Local', 12, '2025/26', 'local', 'actual', 20, 20, '/img/equipos/osasuna-local.svg', 'Local equipacion 2025/26 del Osasuna.', FALSE),
  (37, 'Camiseta Osasuna Visitante', 12, '2025/26', 'visitante', 'actual', 20, 20, '/img/equipos/osasuna-visitante.svg', 'Visitante equipacion 2025/26 del Osasuna.', FALSE),
  (38, 'Camiseta Osasuna Tercera', 12, '2025/26', 'tercera', 'actual', 20, 20, '/img/equipos/osasuna-tercera.svg', 'Tercera equipacion 2025/26 del Osasuna.', FALSE),
  (39, 'Camiseta Celta de Vigo Local', 13, '2025/26', 'local', 'actual', 20, 20, '/img/equipos/celta-de-vigo-local.svg', 'Local equipacion 2025/26 del Celta de Vigo.', FALSE),
  (40, 'Camiseta Celta de Vigo Visitante', 13, '2025/26', 'visitante', 'actual', 20, 20, '/img/equipos/celta-de-vigo-visitante.svg', 'Visitante equipacion 2025/26 del Celta de Vigo.', FALSE),
  (41, 'Camiseta Celta de Vigo Tercera', 13, '2025/26', 'tercera', 'actual', 20, 20, '/img/equipos/celta-de-vigo-tercera.svg', 'Tercera equipacion 2025/26 del Celta de Vigo.', FALSE),
  (42, 'Camiseta Rayo Vallecano Local', 14, '2025/26', 'local', 'actual', 20, 20, '/img/equipos/rayo-vallecano-local.svg', 'Local equipacion 2025/26 del Rayo Vallecano.', FALSE),
  (43, 'Camiseta Rayo Vallecano Visitante', 14, '2025/26', 'visitante', 'actual', 20, 20, '/img/equipos/rayo-vallecano-visitante.svg', 'Visitante equipacion 2025/26 del Rayo Vallecano.', FALSE),
  (44, 'Camiseta Rayo Vallecano Tercera', 14, '2025/26', 'tercera', 'actual', 20, 20, '/img/equipos/rayo-vallecano-tercera.svg', 'Tercera equipacion 2025/26 del Rayo Vallecano.', FALSE),
  (45, 'Camiseta Mallorca Local', 15, '2025/26', 'local', 'actual', 20, 20, '/img/equipos/mallorca-local.svg', 'Local equipacion 2025/26 del Mallorca.', FALSE),
  (46, 'Camiseta Mallorca Visitante', 15, '2025/26', 'visitante', 'actual', 20, 20, '/img/equipos/mallorca-visitante.svg', 'Visitante equipacion 2025/26 del Mallorca.', FALSE),
  (47, 'Camiseta Mallorca Tercera', 15, '2025/26', 'tercera', 'actual', 20, 20, '/img/equipos/mallorca-tercera.svg', 'Tercera equipacion 2025/26 del Mallorca.', FALSE),
  (48, 'Camiseta Deportivo Alaves Local', 16, '2025/26', 'local', 'actual', 20, 20, '/img/equipos/deportivo-alaves-local.svg', 'Local equipacion 2025/26 del Deportivo Alaves.', FALSE),
  (49, 'Camiseta Deportivo Alaves Visitante', 16, '2025/26', 'visitante', 'actual', 20, 20, '/img/equipos/deportivo-alaves-visitante.svg', 'Visitante equipacion 2025/26 del Deportivo Alaves.', FALSE),
  (50, 'Camiseta Deportivo Alaves Tercera', 16, '2025/26', 'tercera', 'actual', 20, 20, '/img/equipos/deportivo-alaves-tercera.svg', 'Tercera equipacion 2025/26 del Deportivo Alaves.', FALSE),
  (51, 'Camiseta RCD Espanyol Local', 17, '2025/26', 'local', 'actual', 20, 20, '/img/equipos/rcd-espanyol-local.svg', 'Local equipacion 2025/26 del RCD Espanyol.', FALSE),
  (52, 'Camiseta RCD Espanyol Visitante', 17, '2025/26', 'visitante', 'actual', 20, 20, '/img/equipos/rcd-espanyol-visitante.svg', 'Visitante equipacion 2025/26 del RCD Espanyol.', FALSE),
  (53, 'Camiseta RCD Espanyol Tercera', 17, '2025/26', 'tercera', 'actual', 20, 20, '/img/equipos/rcd-espanyol-tercera.svg', 'Tercera equipacion 2025/26 del RCD Espanyol.', FALSE),
  (54, 'Camiseta Levante Local', 18, '2025/26', 'local', 'actual', 20, 20, '/img/equipos/levante-local.svg', 'Local equipacion 2025/26 del Levante.', FALSE),
  (55, 'Camiseta Levante Visitante', 18, '2025/26', 'visitante', 'actual', 20, 20, '/img/equipos/levante-visitante.svg', 'Visitante equipacion 2025/26 del Levante.', FALSE),
  (56, 'Camiseta Levante Tercera', 18, '2025/26', 'tercera', 'actual', 20, 20, '/img/equipos/levante-tercera.svg', 'Tercera equipacion 2025/26 del Levante.', FALSE),
  (57, 'Camiseta Elche Local', 19, '2025/26', 'local', 'actual', 20, 20, '/img/equipos/elche-local.svg', 'Local equipacion 2025/26 del Elche.', FALSE),
  (58, 'Camiseta Elche Visitante', 19, '2025/26', 'visitante', 'actual', 20, 20, '/img/equipos/elche-visitante.svg', 'Visitante equipacion 2025/26 del Elche.', FALSE),
  (59, 'Camiseta Elche Tercera', 19, '2025/26', 'tercera', 'actual', 20, 20, '/img/equipos/elche-tercera.svg', 'Tercera equipacion 2025/26 del Elche.', FALSE),
  (60, 'Camiseta Real Oviedo Local', 20, '2025/26', 'local', 'actual', 20, 20, '/img/equipos/real-oviedo-local.svg', 'Local equipacion 2025/26 del Real Oviedo.', FALSE),
  (61, 'Camiseta Real Oviedo Visitante', 20, '2025/26', 'visitante', 'actual', 20, 20, '/img/equipos/real-oviedo-visitante.svg', 'Visitante equipacion 2025/26 del Real Oviedo.', FALSE),
  (62, 'Camiseta Real Oviedo Tercera', 20, '2025/26', 'tercera', 'actual', 20, 20, '/img/equipos/real-oviedo-tercera.svg', 'Tercera equipacion 2025/26 del Real Oviedo.', FALSE),
  (63, 'Camiseta Deportivo de La Coruna Local', 21, '2025/26', 'local', 'actual', 20, 20, '/img/equipos/deportivo-de-la-coruna-local.svg', 'Local equipacion 2025/26 del Deportivo de La Coruna.', FALSE),
  (64, 'Camiseta Deportivo de La Coruna Visitante', 21, '2025/26', 'visitante', 'actual', 20, 20, '/img/equipos/deportivo-de-la-coruna-visitante.svg', 'Visitante equipacion 2025/26 del Deportivo de La Coruna.', FALSE),
  (65, 'Camiseta Deportivo de La Coruna Tercera', 21, '2025/26', 'tercera', 'actual', 20, 20, '/img/equipos/deportivo-de-la-coruna-tercera.svg', 'Tercera equipacion 2025/26 del Deportivo de La Coruna.', FALSE),
  (66, 'Camiseta Sporting de Gijon Local', 22, '2025/26', 'local', 'actual', 20, 20, '/img/equipos/sporting-de-gijon-local.svg', 'Local equipacion 2025/26 del Sporting de Gijon.', FALSE),
  (67, 'Camiseta Sporting de Gijon Visitante', 22, '2025/26', 'visitante', 'actual', 20, 20, '/img/equipos/sporting-de-gijon-visitante.svg', 'Visitante equipacion 2025/26 del Sporting de Gijon.', FALSE),
  (68, 'Camiseta Sporting de Gijon Tercera', 22, '2025/26', 'tercera', 'actual', 20, 20, '/img/equipos/sporting-de-gijon-tercera.svg', 'Tercera equipacion 2025/26 del Sporting de Gijon.', FALSE),
  (69, 'Camiseta Real Zaragoza Local', 23, '2025/26', 'local', 'actual', 20, 20, '/img/equipos/real-zaragoza-local.svg', 'Local equipacion 2025/26 del Real Zaragoza.', FALSE),
  (70, 'Camiseta Real Zaragoza Visitante', 23, '2025/26', 'visitante', 'actual', 20, 20, '/img/equipos/real-zaragoza-visitante.svg', 'Visitante equipacion 2025/26 del Real Zaragoza.', FALSE),
  (71, 'Camiseta Real Zaragoza Tercera', 23, '2025/26', 'tercera', 'actual', 20, 20, '/img/equipos/real-zaragoza-tercera.svg', 'Tercera equipacion 2025/26 del Real Zaragoza.', FALSE),
  (72, 'Camiseta Racing de Santander Local', 24, '2025/26', 'local', 'actual', 20, 20, '/img/equipos/racing-de-santander-local.svg', 'Local equipacion 2025/26 del Racing de Santander.', FALSE),
  (73, 'Camiseta Racing de Santander Visitante', 24, '2025/26', 'visitante', 'actual', 20, 20, '/img/equipos/racing-de-santander-visitante.svg', 'Visitante equipacion 2025/26 del Racing de Santander.', FALSE),
  (74, 'Camiseta Racing de Santander Tercera', 24, '2025/26', 'tercera', 'actual', 20, 20, '/img/equipos/racing-de-santander-tercera.svg', 'Tercera equipacion 2025/26 del Racing de Santander.', FALSE),
  (75, 'Camiseta Granada Local', 25, '2025/26', 'local', 'actual', 20, 20, '/img/equipos/granada-local.svg', 'Local equipacion 2025/26 del Granada.', FALSE),
  (76, 'Camiseta Granada Visitante', 25, '2025/26', 'visitante', 'actual', 20, 20, '/img/equipos/granada-visitante.svg', 'Visitante equipacion 2025/26 del Granada.', FALSE),
  (77, 'Camiseta Granada Tercera', 25, '2025/26', 'tercera', 'actual', 20, 20, '/img/equipos/granada-tercera.svg', 'Tercera equipacion 2025/26 del Granada.', FALSE),
  (78, 'Camiseta Cadiz Local', 26, '2025/26', 'local', 'actual', 20, 20, '/img/equipos/cadiz-local.svg', 'Local equipacion 2025/26 del Cadiz.', FALSE),
  (79, 'Camiseta Cadiz Visitante', 26, '2025/26', 'visitante', 'actual', 20, 20, '/img/equipos/cadiz-visitante.svg', 'Visitante equipacion 2025/26 del Cadiz.', FALSE),
  (80, 'Camiseta Cadiz Tercera', 26, '2025/26', 'tercera', 'actual', 20, 20, '/img/equipos/cadiz-tercera.svg', 'Tercera equipacion 2025/26 del Cadiz.', FALSE),
  (81, 'Camiseta Almeria Local', 27, '2025/26', 'local', 'actual', 20, 20, '/img/equipos/almeria-local.svg', 'Local equipacion 2025/26 del Almeria.', FALSE),
  (82, 'Camiseta Almeria Visitante', 27, '2025/26', 'visitante', 'actual', 20, 20, '/img/equipos/almeria-visitante.svg', 'Visitante equipacion 2025/26 del Almeria.', FALSE),
  (83, 'Camiseta Almeria Tercera', 27, '2025/26', 'tercera', 'actual', 20, 20, '/img/equipos/almeria-tercera.svg', 'Tercera equipacion 2025/26 del Almeria.', FALSE),
  (84, 'Camiseta Eibar Local', 28, '2025/26', 'local', 'actual', 20, 20, '/img/equipos/eibar-local.svg', 'Local equipacion 2025/26 del Eibar.', FALSE),
  (85, 'Camiseta Eibar Visitante', 28, '2025/26', 'visitante', 'actual', 20, 20, '/img/equipos/eibar-visitante.svg', 'Visitante equipacion 2025/26 del Eibar.', FALSE),
  (86, 'Camiseta Eibar Tercera', 28, '2025/26', 'tercera', 'actual', 20, 20, '/img/equipos/eibar-tercera.svg', 'Tercera equipacion 2025/26 del Eibar.', FALSE),
  (87, 'Camiseta Malaga Local', 29, '2025/26', 'local', 'actual', 20, 20, '/img/equipos/malaga-local.svg', 'Local equipacion 2025/26 del Malaga.', FALSE),
  (88, 'Camiseta Malaga Visitante', 29, '2025/26', 'visitante', 'actual', 20, 20, '/img/equipos/malaga-visitante.svg', 'Visitante equipacion 2025/26 del Malaga.', FALSE),
  (89, 'Camiseta Malaga Tercera', 29, '2025/26', 'tercera', 'actual', 20, 20, '/img/equipos/malaga-tercera.svg', 'Tercera equipacion 2025/26 del Malaga.', FALSE),
  (90, 'Camiseta Tenerife Local', 30, '2025/26', 'local', 'actual', 20, 20, '/img/equipos/tenerife-local.svg', 'Local equipacion 2025/26 del Tenerife.', FALSE),
  (91, 'Camiseta Tenerife Visitante', 30, '2025/26', 'visitante', 'actual', 20, 20, '/img/equipos/tenerife-visitante.svg', 'Visitante equipacion 2025/26 del Tenerife.', FALSE),
  (92, 'Camiseta Tenerife Tercera', 30, '2025/26', 'tercera', 'actual', 20, 20, '/img/equipos/tenerife-tercera.svg', 'Tercera equipacion 2025/26 del Tenerife.', FALSE),
  (93, 'Camiseta Real Valladolid Local', 31, '2025/26', 'local', 'actual', 20, 20, '/img/equipos/real-valladolid-local.svg', 'Local equipacion 2025/26 del Real Valladolid.', FALSE),
  (94, 'Camiseta Real Valladolid Visitante', 31, '2025/26', 'visitante', 'actual', 20, 20, '/img/equipos/real-valladolid-visitante.svg', 'Visitante equipacion 2025/26 del Real Valladolid.', FALSE),
  (95, 'Camiseta Real Valladolid Tercera', 31, '2025/26', 'tercera', 'actual', 20, 20, '/img/equipos/real-valladolid-tercera.svg', 'Tercera equipacion 2025/26 del Real Valladolid.', FALSE),
  (96, 'Camiseta UD Las Palmas Local', 32, '2025/26', 'local', 'actual', 20, 20, '/img/equipos/ud-las-palmas-local.svg', 'Local equipacion 2025/26 del UD Las Palmas.', FALSE),
  (97, 'Camiseta UD Las Palmas Visitante', 32, '2025/26', 'visitante', 'actual', 20, 20, '/img/equipos/ud-las-palmas-visitante.svg', 'Visitante equipacion 2025/26 del UD Las Palmas.', FALSE),
  (98, 'Camiseta UD Las Palmas Tercera', 32, '2025/26', 'tercera', 'actual', 20, 20, '/img/equipos/ud-las-palmas-tercera.svg', 'Tercera equipacion 2025/26 del UD Las Palmas.', FALSE),
  (99, 'Camiseta Leganes Local', 33, '2025/26', 'local', 'actual', 20, 20, '/img/equipos/leganes-local.svg', 'Local equipacion 2025/26 del Leganes.', FALSE),
  (100, 'Camiseta Leganes Visitante', 33, '2025/26', 'visitante', 'actual', 20, 20, '/img/equipos/leganes-visitante.svg', 'Visitante equipacion 2025/26 del Leganes.', FALSE),
  (101, 'Camiseta Leganes Tercera', 33, '2025/26', 'tercera', 'actual', 20, 20, '/img/equipos/leganes-tercera.svg', 'Tercera equipacion 2025/26 del Leganes.', FALSE),
  (102, 'Camiseta CD Castellon Local', 34, '2025/26', 'local', 'actual', 20, 20, '/img/equipos/cd-castellon-local.svg', 'Local equipacion 2025/26 del CD Castellon.', FALSE),
  (103, 'Camiseta CD Castellon Visitante', 34, '2025/26', 'visitante', 'actual', 20, 20, '/img/equipos/cd-castellon-visitante.svg', 'Visitante equipacion 2025/26 del CD Castellon.', FALSE),
  (104, 'Camiseta CD Castellon Tercera', 34, '2025/26', 'tercera', 'actual', 20, 20, '/img/equipos/cd-castellon-tercera.svg', 'Tercera equipacion 2025/26 del CD Castellon.', FALSE),
  (105, 'Camiseta CD Mirandes Local', 35, '2025/26', 'local', 'actual', 20, 20, '/img/equipos/cd-mirandes-local.svg', 'Local equipacion 2025/26 del CD Mirandes.', FALSE),
  (106, 'Camiseta CD Mirandes Visitante', 35, '2025/26', 'visitante', 'actual', 20, 20, '/img/equipos/cd-mirandes-visitante.svg', 'Visitante equipacion 2025/26 del CD Mirandes.', FALSE),
  (107, 'Camiseta CD Mirandes Tercera', 35, '2025/26', 'tercera', 'actual', 20, 20, '/img/equipos/cd-mirandes-tercera.svg', 'Tercera equipacion 2025/26 del CD Mirandes.', FALSE),
  (108, 'Camiseta Manchester City Local', 36, '2025/26', 'local', 'actual', 20, 20, '/img/equipos/manchester-city-local.svg', 'Local equipacion 2025/26 del Manchester City.', FALSE),
  (109, 'Camiseta Manchester City Visitante', 36, '2025/26', 'visitante', 'actual', 20, 20, '/img/equipos/manchester-city-visitante.svg', 'Visitante equipacion 2025/26 del Manchester City.', FALSE),
  (110, 'Camiseta Manchester City Tercera', 36, '2025/26', 'tercera', 'actual', 20, 20, '/img/equipos/manchester-city-tercera.svg', 'Tercera equipacion 2025/26 del Manchester City.', FALSE),
  (111, 'Camiseta Arsenal Local', 37, '2025/26', 'local', 'actual', 20, 20, '/img/equipos/arsenal-local.svg', 'Local equipacion 2025/26 del Arsenal.', FALSE),
  (112, 'Camiseta Arsenal Visitante', 37, '2025/26', 'visitante', 'actual', 20, 20, '/img/equipos/arsenal-visitante.svg', 'Visitante equipacion 2025/26 del Arsenal.', FALSE),
  (113, 'Camiseta Arsenal Tercera', 37, '2025/26', 'tercera', 'actual', 20, 20, '/img/equipos/arsenal-tercera.svg', 'Tercera equipacion 2025/26 del Arsenal.', FALSE),
  (114, 'Camiseta Liverpool Local', 38, '2025/26', 'local', 'actual', 20, 20, '/img/liverpool-local.svg', 'Local equipacion 2025/26 del Liverpool.', TRUE),
  (115, 'Camiseta Liverpool Visitante', 38, '2025/26', 'visitante', 'actual', 20, 20, '/img/equipos/liverpool-visitante.svg', 'Visitante equipacion 2025/26 del Liverpool.', FALSE),
  (116, 'Camiseta Liverpool Tercera', 38, '2025/26', 'tercera', 'actual', 20, 20, '/img/equipos/liverpool-tercera.svg', 'Tercera equipacion 2025/26 del Liverpool.', FALSE),
  (117, 'Camiseta Manchester United Local', 39, '2025/26', 'local', 'actual', 20, 20, '/img/manutd-local.svg', 'Local equipacion 2025/26 del Manchester United.', TRUE),
  (118, 'Camiseta Manchester United Visitante', 39, '2025/26', 'visitante', 'actual', 20, 20, '/img/equipos/manchester-united-visitante.svg', 'Visitante equipacion 2025/26 del Manchester United.', FALSE),
  (119, 'Camiseta Manchester United Tercera', 39, '2025/26', 'tercera', 'actual', 20, 20, '/img/equipos/manchester-united-tercera.svg', 'Tercera equipacion 2025/26 del Manchester United.', FALSE),
  (120, 'Camiseta Chelsea Local', 40, '2025/26', 'local', 'actual', 20, 20, '/img/equipos/chelsea-local.svg', 'Local equipacion 2025/26 del Chelsea.', FALSE),
  (121, 'Camiseta Chelsea Visitante', 40, '2025/26', 'visitante', 'actual', 20, 20, '/img/equipos/chelsea-visitante.svg', 'Visitante equipacion 2025/26 del Chelsea.', FALSE),
  (122, 'Camiseta Chelsea Tercera', 40, '2025/26', 'tercera', 'actual', 20, 20, '/img/equipos/chelsea-tercera.svg', 'Tercera equipacion 2025/26 del Chelsea.', FALSE),
  (123, 'Camiseta Tottenham Hotspur Local', 41, '2025/26', 'local', 'actual', 20, 20, '/img/equipos/tottenham-hotspur-local.svg', 'Local equipacion 2025/26 del Tottenham Hotspur.', FALSE),
  (124, 'Camiseta Tottenham Hotspur Visitante', 41, '2025/26', 'visitante', 'actual', 20, 20, '/img/equipos/tottenham-hotspur-visitante.svg', 'Visitante equipacion 2025/26 del Tottenham Hotspur.', FALSE),
  (125, 'Camiseta Tottenham Hotspur Tercera', 41, '2025/26', 'tercera', 'actual', 20, 20, '/img/equipos/tottenham-hotspur-tercera.svg', 'Tercera equipacion 2025/26 del Tottenham Hotspur.', FALSE),
  (126, 'Camiseta Newcastle United Local', 42, '2025/26', 'local', 'actual', 20, 20, '/img/equipos/newcastle-united-local.svg', 'Local equipacion 2025/26 del Newcastle United.', FALSE),
  (127, 'Camiseta Newcastle United Visitante', 42, '2025/26', 'visitante', 'actual', 20, 20, '/img/equipos/newcastle-united-visitante.svg', 'Visitante equipacion 2025/26 del Newcastle United.', FALSE),
  (128, 'Camiseta Newcastle United Tercera', 42, '2025/26', 'tercera', 'actual', 20, 20, '/img/equipos/newcastle-united-tercera.svg', 'Tercera equipacion 2025/26 del Newcastle United.', FALSE),
  (129, 'Camiseta Aston Villa Local', 43, '2025/26', 'local', 'actual', 20, 20, '/img/equipos/aston-villa-local.svg', 'Local equipacion 2025/26 del Aston Villa.', FALSE),
  (130, 'Camiseta Aston Villa Visitante', 43, '2025/26', 'visitante', 'actual', 20, 20, '/img/equipos/aston-villa-visitante.svg', 'Visitante equipacion 2025/26 del Aston Villa.', FALSE),
  (131, 'Camiseta Aston Villa Tercera', 43, '2025/26', 'tercera', 'actual', 20, 20, '/img/equipos/aston-villa-tercera.svg', 'Tercera equipacion 2025/26 del Aston Villa.', FALSE),
  (132, 'Camiseta Brighton Local', 44, '2025/26', 'local', 'actual', 20, 20, '/img/equipos/brighton-local.svg', 'Local equipacion 2025/26 del Brighton.', FALSE),
  (133, 'Camiseta Brighton Visitante', 44, '2025/26', 'visitante', 'actual', 20, 20, '/img/equipos/brighton-visitante.svg', 'Visitante equipacion 2025/26 del Brighton.', FALSE),
  (134, 'Camiseta Brighton Tercera', 44, '2025/26', 'tercera', 'actual', 20, 20, '/img/equipos/brighton-tercera.svg', 'Tercera equipacion 2025/26 del Brighton.', FALSE),
  (135, 'Camiseta West Ham United Local', 45, '2025/26', 'local', 'actual', 20, 20, '/img/equipos/west-ham-united-local.svg', 'Local equipacion 2025/26 del West Ham United.', FALSE),
  (136, 'Camiseta West Ham United Visitante', 45, '2025/26', 'visitante', 'actual', 20, 20, '/img/equipos/west-ham-united-visitante.svg', 'Visitante equipacion 2025/26 del West Ham United.', FALSE),
  (137, 'Camiseta West Ham United Tercera', 45, '2025/26', 'tercera', 'actual', 20, 20, '/img/equipos/west-ham-united-tercera.svg', 'Tercera equipacion 2025/26 del West Ham United.', FALSE),
  (138, 'Camiseta Everton Local', 46, '2025/26', 'local', 'actual', 20, 20, '/img/equipos/everton-local.svg', 'Local equipacion 2025/26 del Everton.', FALSE),
  (139, 'Camiseta Everton Visitante', 46, '2025/26', 'visitante', 'actual', 20, 20, '/img/equipos/everton-visitante.svg', 'Visitante equipacion 2025/26 del Everton.', FALSE),
  (140, 'Camiseta Everton Tercera', 46, '2025/26', 'tercera', 'actual', 20, 20, '/img/equipos/everton-tercera.svg', 'Tercera equipacion 2025/26 del Everton.', FALSE),
  (141, 'Camiseta Wolverhampton Local', 47, '2025/26', 'local', 'actual', 20, 20, '/img/equipos/wolverhampton-local.svg', 'Local equipacion 2025/26 del Wolverhampton.', FALSE),
  (142, 'Camiseta Wolverhampton Visitante', 47, '2025/26', 'visitante', 'actual', 20, 20, '/img/equipos/wolverhampton-visitante.svg', 'Visitante equipacion 2025/26 del Wolverhampton.', FALSE),
  (143, 'Camiseta Wolverhampton Tercera', 47, '2025/26', 'tercera', 'actual', 20, 20, '/img/equipos/wolverhampton-tercera.svg', 'Tercera equipacion 2025/26 del Wolverhampton.', FALSE),
  (144, 'Camiseta Fulham Local', 48, '2025/26', 'local', 'actual', 20, 20, '/img/equipos/fulham-local.svg', 'Local equipacion 2025/26 del Fulham.', FALSE),
  (145, 'Camiseta Fulham Visitante', 48, '2025/26', 'visitante', 'actual', 20, 20, '/img/equipos/fulham-visitante.svg', 'Visitante equipacion 2025/26 del Fulham.', FALSE),
  (146, 'Camiseta Fulham Tercera', 48, '2025/26', 'tercera', 'actual', 20, 20, '/img/equipos/fulham-tercera.svg', 'Tercera equipacion 2025/26 del Fulham.', FALSE),
  (147, 'Camiseta Crystal Palace Local', 49, '2025/26', 'local', 'actual', 20, 20, '/img/equipos/crystal-palace-local.svg', 'Local equipacion 2025/26 del Crystal Palace.', FALSE),
  (148, 'Camiseta Crystal Palace Visitante', 49, '2025/26', 'visitante', 'actual', 20, 20, '/img/equipos/crystal-palace-visitante.svg', 'Visitante equipacion 2025/26 del Crystal Palace.', FALSE),
  (149, 'Camiseta Crystal Palace Tercera', 49, '2025/26', 'tercera', 'actual', 20, 20, '/img/equipos/crystal-palace-tercera.svg', 'Tercera equipacion 2025/26 del Crystal Palace.', FALSE),
  (150, 'Camiseta Brentford Local', 50, '2025/26', 'local', 'actual', 20, 20, '/img/equipos/brentford-local.svg', 'Local equipacion 2025/26 del Brentford.', FALSE),
  (151, 'Camiseta Brentford Visitante', 50, '2025/26', 'visitante', 'actual', 20, 20, '/img/equipos/brentford-visitante.svg', 'Visitante equipacion 2025/26 del Brentford.', FALSE),
  (152, 'Camiseta Brentford Tercera', 50, '2025/26', 'tercera', 'actual', 20, 20, '/img/equipos/brentford-tercera.svg', 'Tercera equipacion 2025/26 del Brentford.', FALSE),
  (153, 'Camiseta Nottingham Forest Local', 51, '2025/26', 'local', 'actual', 20, 20, '/img/equipos/nottingham-forest-local.svg', 'Local equipacion 2025/26 del Nottingham Forest.', FALSE),
  (154, 'Camiseta Nottingham Forest Visitante', 51, '2025/26', 'visitante', 'actual', 20, 20, '/img/equipos/nottingham-forest-visitante.svg', 'Visitante equipacion 2025/26 del Nottingham Forest.', FALSE),
  (155, 'Camiseta Nottingham Forest Tercera', 51, '2025/26', 'tercera', 'actual', 20, 20, '/img/equipos/nottingham-forest-tercera.svg', 'Tercera equipacion 2025/26 del Nottingham Forest.', FALSE),
  (156, 'Camiseta Bournemouth Local', 52, '2025/26', 'local', 'actual', 20, 20, '/img/equipos/bournemouth-local.svg', 'Local equipacion 2025/26 del Bournemouth.', FALSE),
  (157, 'Camiseta Bournemouth Visitante', 52, '2025/26', 'visitante', 'actual', 20, 20, '/img/equipos/bournemouth-visitante.svg', 'Visitante equipacion 2025/26 del Bournemouth.', FALSE),
  (158, 'Camiseta Bournemouth Tercera', 52, '2025/26', 'tercera', 'actual', 20, 20, '/img/equipos/bournemouth-tercera.svg', 'Tercera equipacion 2025/26 del Bournemouth.', FALSE),
  (159, 'Camiseta Leeds United Local', 53, '2025/26', 'local', 'actual', 20, 20, '/img/equipos/leeds-united-local.svg', 'Local equipacion 2025/26 del Leeds United.', FALSE),
  (160, 'Camiseta Leeds United Visitante', 53, '2025/26', 'visitante', 'actual', 20, 20, '/img/equipos/leeds-united-visitante.svg', 'Visitante equipacion 2025/26 del Leeds United.', FALSE),
  (161, 'Camiseta Leeds United Tercera', 53, '2025/26', 'tercera', 'actual', 20, 20, '/img/equipos/leeds-united-tercera.svg', 'Tercera equipacion 2025/26 del Leeds United.', FALSE),
  (162, 'Camiseta Burnley Local', 54, '2025/26', 'local', 'actual', 20, 20, '/img/equipos/burnley-local.svg', 'Local equipacion 2025/26 del Burnley.', FALSE),
  (163, 'Camiseta Burnley Visitante', 54, '2025/26', 'visitante', 'actual', 20, 20, '/img/equipos/burnley-visitante.svg', 'Visitante equipacion 2025/26 del Burnley.', FALSE),
  (164, 'Camiseta Burnley Tercera', 54, '2025/26', 'tercera', 'actual', 20, 20, '/img/equipos/burnley-tercera.svg', 'Tercera equipacion 2025/26 del Burnley.', FALSE),
  (165, 'Camiseta Sunderland Local', 55, '2025/26', 'local', 'actual', 20, 20, '/img/equipos/sunderland-local.svg', 'Local equipacion 2025/26 del Sunderland.', FALSE),
  (166, 'Camiseta Sunderland Visitante', 55, '2025/26', 'visitante', 'actual', 20, 20, '/img/equipos/sunderland-visitante.svg', 'Visitante equipacion 2025/26 del Sunderland.', FALSE),
  (167, 'Camiseta Sunderland Tercera', 55, '2025/26', 'tercera', 'actual', 20, 20, '/img/equipos/sunderland-tercera.svg', 'Tercera equipacion 2025/26 del Sunderland.', FALSE),
  (168, 'Camiseta Leicester City Local', 56, '2025/26', 'local', 'actual', 20, 20, '/img/equipos/leicester-city-local.svg', 'Local equipacion 2025/26 del Leicester City.', FALSE),
  (169, 'Camiseta Leicester City Visitante', 56, '2025/26', 'visitante', 'actual', 20, 20, '/img/equipos/leicester-city-visitante.svg', 'Visitante equipacion 2025/26 del Leicester City.', FALSE),
  (170, 'Camiseta Leicester City Tercera', 56, '2025/26', 'tercera', 'actual', 20, 20, '/img/equipos/leicester-city-tercera.svg', 'Tercera equipacion 2025/26 del Leicester City.', FALSE),
  (171, 'Camiseta Ipswich Town Local', 57, '2025/26', 'local', 'actual', 20, 20, '/img/equipos/ipswich-town-local.svg', 'Local equipacion 2025/26 del Ipswich Town.', FALSE),
  (172, 'Camiseta Ipswich Town Visitante', 57, '2025/26', 'visitante', 'actual', 20, 20, '/img/equipos/ipswich-town-visitante.svg', 'Visitante equipacion 2025/26 del Ipswich Town.', FALSE),
  (173, 'Camiseta Ipswich Town Tercera', 57, '2025/26', 'tercera', 'actual', 20, 20, '/img/equipos/ipswich-town-tercera.svg', 'Tercera equipacion 2025/26 del Ipswich Town.', FALSE),
  (174, 'Camiseta Southampton Local', 58, '2025/26', 'local', 'actual', 20, 20, '/img/equipos/southampton-local.svg', 'Local equipacion 2025/26 del Southampton.', FALSE),
  (175, 'Camiseta Southampton Visitante', 58, '2025/26', 'visitante', 'actual', 20, 20, '/img/equipos/southampton-visitante.svg', 'Visitante equipacion 2025/26 del Southampton.', FALSE),
  (176, 'Camiseta Southampton Tercera', 58, '2025/26', 'tercera', 'actual', 20, 20, '/img/equipos/southampton-tercera.svg', 'Tercera equipacion 2025/26 del Southampton.', FALSE),
  (177, 'Camiseta Sheffield United Local', 59, '2025/26', 'local', 'actual', 20, 20, '/img/equipos/sheffield-united-local.svg', 'Local equipacion 2025/26 del Sheffield United.', FALSE),
  (178, 'Camiseta Sheffield United Visitante', 59, '2025/26', 'visitante', 'actual', 20, 20, '/img/equipos/sheffield-united-visitante.svg', 'Visitante equipacion 2025/26 del Sheffield United.', FALSE),
  (179, 'Camiseta Sheffield United Tercera', 59, '2025/26', 'tercera', 'actual', 20, 20, '/img/equipos/sheffield-united-tercera.svg', 'Tercera equipacion 2025/26 del Sheffield United.', FALSE),
  (180, 'Camiseta West Bromwich Albion Local', 60, '2025/26', 'local', 'actual', 20, 20, '/img/equipos/west-bromwich-albion-local.svg', 'Local equipacion 2025/26 del West Bromwich Albion.', FALSE),
  (181, 'Camiseta West Bromwich Albion Visitante', 60, '2025/26', 'visitante', 'actual', 20, 20, '/img/equipos/west-bromwich-albion-visitante.svg', 'Visitante equipacion 2025/26 del West Bromwich Albion.', FALSE),
  (182, 'Camiseta West Bromwich Albion Tercera', 60, '2025/26', 'tercera', 'actual', 20, 20, '/img/equipos/west-bromwich-albion-tercera.svg', 'Tercera equipacion 2025/26 del West Bromwich Albion.', FALSE),
  (183, 'Camiseta Norwich City Local', 61, '2025/26', 'local', 'actual', 20, 20, '/img/equipos/norwich-city-local.svg', 'Local equipacion 2025/26 del Norwich City.', FALSE),
  (184, 'Camiseta Norwich City Visitante', 61, '2025/26', 'visitante', 'actual', 20, 20, '/img/equipos/norwich-city-visitante.svg', 'Visitante equipacion 2025/26 del Norwich City.', FALSE),
  (185, 'Camiseta Norwich City Tercera', 61, '2025/26', 'tercera', 'actual', 20, 20, '/img/equipos/norwich-city-tercera.svg', 'Tercera equipacion 2025/26 del Norwich City.', FALSE),
  (186, 'Camiseta Middlesbrough Local', 62, '2025/26', 'local', 'actual', 20, 20, '/img/equipos/middlesbrough-local.svg', 'Local equipacion 2025/26 del Middlesbrough.', FALSE),
  (187, 'Camiseta Middlesbrough Visitante', 62, '2025/26', 'visitante', 'actual', 20, 20, '/img/equipos/middlesbrough-visitante.svg', 'Visitante equipacion 2025/26 del Middlesbrough.', FALSE),
  (188, 'Camiseta Middlesbrough Tercera', 62, '2025/26', 'tercera', 'actual', 20, 20, '/img/equipos/middlesbrough-tercera.svg', 'Tercera equipacion 2025/26 del Middlesbrough.', FALSE),
  (189, 'Camiseta Coventry City Local', 63, '2025/26', 'local', 'actual', 20, 20, '/img/equipos/coventry-city-local.svg', 'Local equipacion 2025/26 del Coventry City.', FALSE),
  (190, 'Camiseta Coventry City Visitante', 63, '2025/26', 'visitante', 'actual', 20, 20, '/img/equipos/coventry-city-visitante.svg', 'Visitante equipacion 2025/26 del Coventry City.', FALSE),
  (191, 'Camiseta Coventry City Tercera', 63, '2025/26', 'tercera', 'actual', 20, 20, '/img/equipos/coventry-city-tercera.svg', 'Tercera equipacion 2025/26 del Coventry City.', FALSE),
  (192, 'Camiseta Watford Local', 64, '2025/26', 'local', 'actual', 20, 20, '/img/equipos/watford-local.svg', 'Local equipacion 2025/26 del Watford.', FALSE),
  (193, 'Camiseta Watford Visitante', 64, '2025/26', 'visitante', 'actual', 20, 20, '/img/equipos/watford-visitante.svg', 'Visitante equipacion 2025/26 del Watford.', FALSE),
  (194, 'Camiseta Watford Tercera', 64, '2025/26', 'tercera', 'actual', 20, 20, '/img/equipos/watford-tercera.svg', 'Tercera equipacion 2025/26 del Watford.', FALSE),
  (195, 'Camiseta Stoke City Local', 65, '2025/26', 'local', 'actual', 20, 20, '/img/equipos/stoke-city-local.svg', 'Local equipacion 2025/26 del Stoke City.', FALSE),
  (196, 'Camiseta Stoke City Visitante', 65, '2025/26', 'visitante', 'actual', 20, 20, '/img/equipos/stoke-city-visitante.svg', 'Visitante equipacion 2025/26 del Stoke City.', FALSE),
  (197, 'Camiseta Stoke City Tercera', 65, '2025/26', 'tercera', 'actual', 20, 20, '/img/equipos/stoke-city-tercera.svg', 'Tercera equipacion 2025/26 del Stoke City.', FALSE),
  (198, 'Camiseta Bristol City Local', 66, '2025/26', 'local', 'actual', 20, 20, '/img/equipos/bristol-city-local.svg', 'Local equipacion 2025/26 del Bristol City.', FALSE),
  (199, 'Camiseta Bristol City Visitante', 66, '2025/26', 'visitante', 'actual', 20, 20, '/img/equipos/bristol-city-visitante.svg', 'Visitante equipacion 2025/26 del Bristol City.', FALSE),
  (200, 'Camiseta Bristol City Tercera', 66, '2025/26', 'tercera', 'actual', 20, 20, '/img/equipos/bristol-city-tercera.svg', 'Tercera equipacion 2025/26 del Bristol City.', FALSE),
  (201, 'Camiseta Birmingham City Local', 67, '2025/26', 'local', 'actual', 20, 20, '/img/equipos/birmingham-city-local.svg', 'Local equipacion 2025/26 del Birmingham City.', FALSE),
  (202, 'Camiseta Birmingham City Visitante', 67, '2025/26', 'visitante', 'actual', 20, 20, '/img/equipos/birmingham-city-visitante.svg', 'Visitante equipacion 2025/26 del Birmingham City.', FALSE),
  (203, 'Camiseta Birmingham City Tercera', 67, '2025/26', 'tercera', 'actual', 20, 20, '/img/equipos/birmingham-city-tercera.svg', 'Tercera equipacion 2025/26 del Birmingham City.', FALSE),
  (204, 'Camiseta Wrexham Local', 68, '2025/26', 'local', 'actual', 20, 20, '/img/equipos/wrexham-local.svg', 'Local equipacion 2025/26 del Wrexham.', FALSE),
  (205, 'Camiseta Wrexham Visitante', 68, '2025/26', 'visitante', 'actual', 20, 20, '/img/equipos/wrexham-visitante.svg', 'Visitante equipacion 2025/26 del Wrexham.', FALSE),
  (206, 'Camiseta Wrexham Tercera', 68, '2025/26', 'tercera', 'actual', 20, 20, '/img/equipos/wrexham-tercera.svg', 'Tercera equipacion 2025/26 del Wrexham.', FALSE),
  (207, 'Camiseta Charlton Athletic Local', 69, '2025/26', 'local', 'actual', 20, 20, '/img/equipos/charlton-athletic-local.svg', 'Local equipacion 2025/26 del Charlton Athletic.', FALSE),
  (208, 'Camiseta Charlton Athletic Visitante', 69, '2025/26', 'visitante', 'actual', 20, 20, '/img/equipos/charlton-athletic-visitante.svg', 'Visitante equipacion 2025/26 del Charlton Athletic.', FALSE),
  (209, 'Camiseta Charlton Athletic Tercera', 69, '2025/26', 'tercera', 'actual', 20, 20, '/img/equipos/charlton-athletic-tercera.svg', 'Tercera equipacion 2025/26 del Charlton Athletic.', FALSE),
  (210, 'Camiseta Preston North End Local', 70, '2025/26', 'local', 'actual', 20, 20, '/img/equipos/preston-north-end-local.svg', 'Local equipacion 2025/26 del Preston North End.', FALSE),
  (211, 'Camiseta Preston North End Visitante', 70, '2025/26', 'visitante', 'actual', 20, 20, '/img/equipos/preston-north-end-visitante.svg', 'Visitante equipacion 2025/26 del Preston North End.', FALSE),
  (212, 'Camiseta Preston North End Tercera', 70, '2025/26', 'tercera', 'actual', 20, 20, '/img/equipos/preston-north-end-tercera.svg', 'Tercera equipacion 2025/26 del Preston North End.', FALSE),
  (213, 'Camiseta Paris Saint-Germain Local', 71, '2025/26', 'local', 'actual', 20, 20, '/img/equipos/paris-saint-germain-local.svg', 'Local equipacion 2025/26 del Paris Saint-Germain.', FALSE),
  (214, 'Camiseta Paris Saint-Germain Visitante', 71, '2025/26', 'visitante', 'actual', 20, 20, '/img/equipos/paris-saint-germain-visitante.svg', 'Visitante equipacion 2025/26 del Paris Saint-Germain.', FALSE),
  (215, 'Camiseta Paris Saint-Germain Tercera', 71, '2025/26', 'tercera', 'actual', 20, 20, '/img/equipos/paris-saint-germain-tercera.svg', 'Tercera equipacion 2025/26 del Paris Saint-Germain.', FALSE),
  (216, 'Camiseta Olympique de Marseille Local', 72, '2025/26', 'local', 'actual', 20, 20, '/img/equipos/olympique-de-marseille-local.svg', 'Local equipacion 2025/26 del Olympique de Marseille.', FALSE),
  (217, 'Camiseta Olympique de Marseille Visitante', 72, '2025/26', 'visitante', 'actual', 20, 20, '/img/equipos/olympique-de-marseille-visitante.svg', 'Visitante equipacion 2025/26 del Olympique de Marseille.', FALSE),
  (218, 'Camiseta Olympique de Marseille Tercera', 72, '2025/26', 'tercera', 'actual', 20, 20, '/img/equipos/olympique-de-marseille-tercera.svg', 'Tercera equipacion 2025/26 del Olympique de Marseille.', FALSE),
  (219, 'Camiseta AS Monaco Local', 73, '2025/26', 'local', 'actual', 20, 20, '/img/equipos/as-monaco-local.svg', 'Local equipacion 2025/26 del AS Monaco.', FALSE),
  (220, 'Camiseta AS Monaco Visitante', 73, '2025/26', 'visitante', 'actual', 20, 20, '/img/equipos/as-monaco-visitante.svg', 'Visitante equipacion 2025/26 del AS Monaco.', FALSE),
  (221, 'Camiseta AS Monaco Tercera', 73, '2025/26', 'tercera', 'actual', 20, 20, '/img/equipos/as-monaco-tercera.svg', 'Tercera equipacion 2025/26 del AS Monaco.', FALSE),
  (222, 'Camiseta Olympique de Lyon Local', 74, '2025/26', 'local', 'actual', 20, 20, '/img/equipos/olympique-de-lyon-local.svg', 'Local equipacion 2025/26 del Olympique de Lyon.', FALSE),
  (223, 'Camiseta Olympique de Lyon Visitante', 74, '2025/26', 'visitante', 'actual', 20, 20, '/img/equipos/olympique-de-lyon-visitante.svg', 'Visitante equipacion 2025/26 del Olympique de Lyon.', FALSE),
  (224, 'Camiseta Olympique de Lyon Tercera', 74, '2025/26', 'tercera', 'actual', 20, 20, '/img/equipos/olympique-de-lyon-tercera.svg', 'Tercera equipacion 2025/26 del Olympique de Lyon.', FALSE),
  (225, 'Camiseta Lille Local', 75, '2025/26', 'local', 'actual', 20, 20, '/img/equipos/lille-local.svg', 'Local equipacion 2025/26 del Lille.', FALSE),
  (226, 'Camiseta Lille Visitante', 75, '2025/26', 'visitante', 'actual', 20, 20, '/img/equipos/lille-visitante.svg', 'Visitante equipacion 2025/26 del Lille.', FALSE),
  (227, 'Camiseta Lille Tercera', 75, '2025/26', 'tercera', 'actual', 20, 20, '/img/equipos/lille-tercera.svg', 'Tercera equipacion 2025/26 del Lille.', FALSE),
  (228, 'Camiseta OGC Nice Local', 76, '2025/26', 'local', 'actual', 20, 20, '/img/equipos/ogc-nice-local.svg', 'Local equipacion 2025/26 del OGC Nice.', FALSE),
  (229, 'Camiseta OGC Nice Visitante', 76, '2025/26', 'visitante', 'actual', 20, 20, '/img/equipos/ogc-nice-visitante.svg', 'Visitante equipacion 2025/26 del OGC Nice.', FALSE),
  (230, 'Camiseta OGC Nice Tercera', 76, '2025/26', 'tercera', 'actual', 20, 20, '/img/equipos/ogc-nice-tercera.svg', 'Tercera equipacion 2025/26 del OGC Nice.', FALSE),
  (231, 'Camiseta RC Lens Local', 77, '2025/26', 'local', 'actual', 20, 20, '/img/equipos/rc-lens-local.svg', 'Local equipacion 2025/26 del RC Lens.', FALSE),
  (232, 'Camiseta RC Lens Visitante', 77, '2025/26', 'visitante', 'actual', 20, 20, '/img/equipos/rc-lens-visitante.svg', 'Visitante equipacion 2025/26 del RC Lens.', FALSE),
  (233, 'Camiseta RC Lens Tercera', 77, '2025/26', 'tercera', 'actual', 20, 20, '/img/equipos/rc-lens-tercera.svg', 'Tercera equipacion 2025/26 del RC Lens.', FALSE),
  (234, 'Camiseta Stade Rennais Local', 78, '2025/26', 'local', 'actual', 20, 20, '/img/equipos/stade-rennais-local.svg', 'Local equipacion 2025/26 del Stade Rennais.', FALSE),
  (235, 'Camiseta Stade Rennais Visitante', 78, '2025/26', 'visitante', 'actual', 20, 20, '/img/equipos/stade-rennais-visitante.svg', 'Visitante equipacion 2025/26 del Stade Rennais.', FALSE),
  (236, 'Camiseta Stade Rennais Tercera', 78, '2025/26', 'tercera', 'actual', 20, 20, '/img/equipos/stade-rennais-tercera.svg', 'Tercera equipacion 2025/26 del Stade Rennais.', FALSE),
  (237, 'Camiseta RC Strasbourg Local', 79, '2025/26', 'local', 'actual', 20, 20, '/img/equipos/rc-strasbourg-local.svg', 'Local equipacion 2025/26 del RC Strasbourg.', FALSE),
  (238, 'Camiseta RC Strasbourg Visitante', 79, '2025/26', 'visitante', 'actual', 20, 20, '/img/equipos/rc-strasbourg-visitante.svg', 'Visitante equipacion 2025/26 del RC Strasbourg.', FALSE),
  (239, 'Camiseta RC Strasbourg Tercera', 79, '2025/26', 'tercera', 'actual', 20, 20, '/img/equipos/rc-strasbourg-tercera.svg', 'Tercera equipacion 2025/26 del RC Strasbourg.', FALSE),
  (240, 'Camiseta FC Nantes Local', 80, '2025/26', 'local', 'actual', 20, 20, '/img/equipos/fc-nantes-local.svg', 'Local equipacion 2025/26 del FC Nantes.', FALSE),
  (241, 'Camiseta FC Nantes Visitante', 80, '2025/26', 'visitante', 'actual', 20, 20, '/img/equipos/fc-nantes-visitante.svg', 'Visitante equipacion 2025/26 del FC Nantes.', FALSE),
  (242, 'Camiseta FC Nantes Tercera', 80, '2025/26', 'tercera', 'actual', 20, 20, '/img/equipos/fc-nantes-tercera.svg', 'Tercera equipacion 2025/26 del FC Nantes.', FALSE),
  (243, 'Camiseta Toulouse Local', 81, '2025/26', 'local', 'actual', 20, 20, '/img/equipos/toulouse-local.svg', 'Local equipacion 2025/26 del Toulouse.', FALSE),
  (244, 'Camiseta Toulouse Visitante', 81, '2025/26', 'visitante', 'actual', 20, 20, '/img/equipos/toulouse-visitante.svg', 'Visitante equipacion 2025/26 del Toulouse.', FALSE),
  (245, 'Camiseta Toulouse Tercera', 81, '2025/26', 'tercera', 'actual', 20, 20, '/img/equipos/toulouse-tercera.svg', 'Tercera equipacion 2025/26 del Toulouse.', FALSE),
  (246, 'Camiseta Stade Brestois Local', 82, '2025/26', 'local', 'actual', 20, 20, '/img/equipos/stade-brestois-local.svg', 'Local equipacion 2025/26 del Stade Brestois.', FALSE),
  (247, 'Camiseta Stade Brestois Visitante', 82, '2025/26', 'visitante', 'actual', 20, 20, '/img/equipos/stade-brestois-visitante.svg', 'Visitante equipacion 2025/26 del Stade Brestois.', FALSE),
  (248, 'Camiseta Stade Brestois Tercera', 82, '2025/26', 'tercera', 'actual', 20, 20, '/img/equipos/stade-brestois-tercera.svg', 'Tercera equipacion 2025/26 del Stade Brestois.', FALSE),
  (249, 'Camiseta AJ Auxerre Local', 83, '2025/26', 'local', 'actual', 20, 20, '/img/equipos/aj-auxerre-local.svg', 'Local equipacion 2025/26 del AJ Auxerre.', FALSE),
  (250, 'Camiseta AJ Auxerre Visitante', 83, '2025/26', 'visitante', 'actual', 20, 20, '/img/equipos/aj-auxerre-visitante.svg', 'Visitante equipacion 2025/26 del AJ Auxerre.', FALSE),
  (251, 'Camiseta AJ Auxerre Tercera', 83, '2025/26', 'tercera', 'actual', 20, 20, '/img/equipos/aj-auxerre-tercera.svg', 'Tercera equipacion 2025/26 del AJ Auxerre.', FALSE),
  (252, 'Camiseta Le Havre Local', 84, '2025/26', 'local', 'actual', 20, 20, '/img/equipos/le-havre-local.svg', 'Local equipacion 2025/26 del Le Havre.', FALSE),
  (253, 'Camiseta Le Havre Visitante', 84, '2025/26', 'visitante', 'actual', 20, 20, '/img/equipos/le-havre-visitante.svg', 'Visitante equipacion 2025/26 del Le Havre.', FALSE),
  (254, 'Camiseta Le Havre Tercera', 84, '2025/26', 'tercera', 'actual', 20, 20, '/img/equipos/le-havre-tercera.svg', 'Tercera equipacion 2025/26 del Le Havre.', FALSE),
  (255, 'Camiseta Angers Local', 85, '2025/26', 'local', 'actual', 20, 20, '/img/equipos/angers-local.svg', 'Local equipacion 2025/26 del Angers.', FALSE),
  (256, 'Camiseta Angers Visitante', 85, '2025/26', 'visitante', 'actual', 20, 20, '/img/equipos/angers-visitante.svg', 'Visitante equipacion 2025/26 del Angers.', FALSE),
  (257, 'Camiseta Angers Tercera', 85, '2025/26', 'tercera', 'actual', 20, 20, '/img/equipos/angers-tercera.svg', 'Tercera equipacion 2025/26 del Angers.', FALSE),
  (258, 'Camiseta Lorient Local', 86, '2025/26', 'local', 'actual', 20, 20, '/img/equipos/lorient-local.svg', 'Local equipacion 2025/26 del Lorient.', FALSE),
  (259, 'Camiseta Lorient Visitante', 86, '2025/26', 'visitante', 'actual', 20, 20, '/img/equipos/lorient-visitante.svg', 'Visitante equipacion 2025/26 del Lorient.', FALSE),
  (260, 'Camiseta Lorient Tercera', 86, '2025/26', 'tercera', 'actual', 20, 20, '/img/equipos/lorient-tercera.svg', 'Tercera equipacion 2025/26 del Lorient.', FALSE),
  (261, 'Camiseta Paris FC Local', 87, '2025/26', 'local', 'actual', 20, 20, '/img/equipos/paris-fc-local.svg', 'Local equipacion 2025/26 del Paris FC.', FALSE),
  (262, 'Camiseta Paris FC Visitante', 87, '2025/26', 'visitante', 'actual', 20, 20, '/img/equipos/paris-fc-visitante.svg', 'Visitante equipacion 2025/26 del Paris FC.', FALSE),
  (263, 'Camiseta Paris FC Tercera', 87, '2025/26', 'tercera', 'actual', 20, 20, '/img/equipos/paris-fc-tercera.svg', 'Tercera equipacion 2025/26 del Paris FC.', FALSE),
  (264, 'Camiseta Metz Local', 88, '2025/26', 'local', 'actual', 20, 20, '/img/equipos/metz-local.svg', 'Local equipacion 2025/26 del Metz.', FALSE),
  (265, 'Camiseta Metz Visitante', 88, '2025/26', 'visitante', 'actual', 20, 20, '/img/equipos/metz-visitante.svg', 'Visitante equipacion 2025/26 del Metz.', FALSE),
  (266, 'Camiseta Metz Tercera', 88, '2025/26', 'tercera', 'actual', 20, 20, '/img/equipos/metz-tercera.svg', 'Tercera equipacion 2025/26 del Metz.', FALSE),
  (267, 'Camiseta Bayern Munich Local', 89, '2025/26', 'local', 'actual', 20, 20, '/img/equipos/bayern-munich-local.svg', 'Local equipacion 2025/26 del Bayern Munich.', FALSE),
  (268, 'Camiseta Bayern Munich Visitante', 89, '2025/26', 'visitante', 'actual', 20, 20, '/img/equipos/bayern-munich-visitante.svg', 'Visitante equipacion 2025/26 del Bayern Munich.', FALSE),
  (269, 'Camiseta Bayern Munich Tercera', 89, '2025/26', 'tercera', 'actual', 20, 20, '/img/equipos/bayern-munich-tercera.svg', 'Tercera equipacion 2025/26 del Bayern Munich.', FALSE),
  (270, 'Camiseta Borussia Dortmund Local', 90, '2025/26', 'local', 'actual', 20, 20, '/img/equipos/borussia-dortmund-local.svg', 'Local equipacion 2025/26 del Borussia Dortmund.', FALSE),
  (271, 'Camiseta Borussia Dortmund Visitante', 90, '2025/26', 'visitante', 'actual', 20, 20, '/img/equipos/borussia-dortmund-visitante.svg', 'Visitante equipacion 2025/26 del Borussia Dortmund.', FALSE),
  (272, 'Camiseta Borussia Dortmund Tercera', 90, '2025/26', 'tercera', 'actual', 20, 20, '/img/equipos/borussia-dortmund-tercera.svg', 'Tercera equipacion 2025/26 del Borussia Dortmund.', FALSE),
  (273, 'Camiseta RB Leipzig Local', 91, '2025/26', 'local', 'actual', 20, 20, '/img/equipos/rb-leipzig-local.svg', 'Local equipacion 2025/26 del RB Leipzig.', FALSE),
  (274, 'Camiseta RB Leipzig Visitante', 91, '2025/26', 'visitante', 'actual', 20, 20, '/img/equipos/rb-leipzig-visitante.svg', 'Visitante equipacion 2025/26 del RB Leipzig.', FALSE),
  (275, 'Camiseta RB Leipzig Tercera', 91, '2025/26', 'tercera', 'actual', 20, 20, '/img/equipos/rb-leipzig-tercera.svg', 'Tercera equipacion 2025/26 del RB Leipzig.', FALSE),
  (276, 'Camiseta Bayer Leverkusen Local', 92, '2025/26', 'local', 'actual', 20, 20, '/img/equipos/bayer-leverkusen-local.svg', 'Local equipacion 2025/26 del Bayer Leverkusen.', FALSE),
  (277, 'Camiseta Bayer Leverkusen Visitante', 92, '2025/26', 'visitante', 'actual', 20, 20, '/img/equipos/bayer-leverkusen-visitante.svg', 'Visitante equipacion 2025/26 del Bayer Leverkusen.', FALSE),
  (278, 'Camiseta Bayer Leverkusen Tercera', 92, '2025/26', 'tercera', 'actual', 20, 20, '/img/equipos/bayer-leverkusen-tercera.svg', 'Tercera equipacion 2025/26 del Bayer Leverkusen.', FALSE),
  (279, 'Camiseta Eintracht Frankfurt Local', 93, '2025/26', 'local', 'actual', 20, 20, '/img/equipos/eintracht-frankfurt-local.svg', 'Local equipacion 2025/26 del Eintracht Frankfurt.', FALSE),
  (280, 'Camiseta Eintracht Frankfurt Visitante', 93, '2025/26', 'visitante', 'actual', 20, 20, '/img/equipos/eintracht-frankfurt-visitante.svg', 'Visitante equipacion 2025/26 del Eintracht Frankfurt.', FALSE),
  (281, 'Camiseta Eintracht Frankfurt Tercera', 93, '2025/26', 'tercera', 'actual', 20, 20, '/img/equipos/eintracht-frankfurt-tercera.svg', 'Tercera equipacion 2025/26 del Eintracht Frankfurt.', FALSE),
  (282, 'Camiseta VfB Stuttgart Local', 94, '2025/26', 'local', 'actual', 20, 20, '/img/equipos/vfb-stuttgart-local.svg', 'Local equipacion 2025/26 del VfB Stuttgart.', FALSE),
  (283, 'Camiseta VfB Stuttgart Visitante', 94, '2025/26', 'visitante', 'actual', 20, 20, '/img/equipos/vfb-stuttgart-visitante.svg', 'Visitante equipacion 2025/26 del VfB Stuttgart.', FALSE),
  (284, 'Camiseta VfB Stuttgart Tercera', 94, '2025/26', 'tercera', 'actual', 20, 20, '/img/equipos/vfb-stuttgart-tercera.svg', 'Tercera equipacion 2025/26 del VfB Stuttgart.', FALSE),
  (285, 'Camiseta VfL Wolfsburg Local', 95, '2025/26', 'local', 'actual', 20, 20, '/img/equipos/vfl-wolfsburg-local.svg', 'Local equipacion 2025/26 del VfL Wolfsburg.', FALSE),
  (286, 'Camiseta VfL Wolfsburg Visitante', 95, '2025/26', 'visitante', 'actual', 20, 20, '/img/equipos/vfl-wolfsburg-visitante.svg', 'Visitante equipacion 2025/26 del VfL Wolfsburg.', FALSE),
  (287, 'Camiseta VfL Wolfsburg Tercera', 95, '2025/26', 'tercera', 'actual', 20, 20, '/img/equipos/vfl-wolfsburg-tercera.svg', 'Tercera equipacion 2025/26 del VfL Wolfsburg.', FALSE),
  (288, 'Camiseta Borussia Monchengladbach Local', 96, '2025/26', 'local', 'actual', 20, 20, '/img/equipos/borussia-monchengladbach-local.svg', 'Local equipacion 2025/26 del Borussia Monchengladbach.', FALSE),
  (289, 'Camiseta Borussia Monchengladbach Visitante', 96, '2025/26', 'visitante', 'actual', 20, 20, '/img/equipos/borussia-monchengladbach-visitante.svg', 'Visitante equipacion 2025/26 del Borussia Monchengladbach.', FALSE),
  (290, 'Camiseta Borussia Monchengladbach Tercera', 96, '2025/26', 'tercera', 'actual', 20, 20, '/img/equipos/borussia-monchengladbach-tercera.svg', 'Tercera equipacion 2025/26 del Borussia Monchengladbach.', FALSE),
  (291, 'Camiseta Werder Bremen Local', 97, '2025/26', 'local', 'actual', 20, 20, '/img/equipos/werder-bremen-local.svg', 'Local equipacion 2025/26 del Werder Bremen.', FALSE),
  (292, 'Camiseta Werder Bremen Visitante', 97, '2025/26', 'visitante', 'actual', 20, 20, '/img/equipos/werder-bremen-visitante.svg', 'Visitante equipacion 2025/26 del Werder Bremen.', FALSE),
  (293, 'Camiseta Werder Bremen Tercera', 97, '2025/26', 'tercera', 'actual', 20, 20, '/img/equipos/werder-bremen-tercera.svg', 'Tercera equipacion 2025/26 del Werder Bremen.', FALSE),
  (294, 'Camiseta Hoffenheim Local', 98, '2025/26', 'local', 'actual', 20, 20, '/img/equipos/hoffenheim-local.svg', 'Local equipacion 2025/26 del Hoffenheim.', FALSE),
  (295, 'Camiseta Hoffenheim Visitante', 98, '2025/26', 'visitante', 'actual', 20, 20, '/img/equipos/hoffenheim-visitante.svg', 'Visitante equipacion 2025/26 del Hoffenheim.', FALSE),
  (296, 'Camiseta Hoffenheim Tercera', 98, '2025/26', 'tercera', 'actual', 20, 20, '/img/equipos/hoffenheim-tercera.svg', 'Tercera equipacion 2025/26 del Hoffenheim.', FALSE),
  (297, 'Camiseta SC Freiburg Local', 99, '2025/26', 'local', 'actual', 20, 20, '/img/equipos/sc-freiburg-local.svg', 'Local equipacion 2025/26 del SC Freiburg.', FALSE),
  (298, 'Camiseta SC Freiburg Visitante', 99, '2025/26', 'visitante', 'actual', 20, 20, '/img/equipos/sc-freiburg-visitante.svg', 'Visitante equipacion 2025/26 del SC Freiburg.', FALSE),
  (299, 'Camiseta SC Freiburg Tercera', 99, '2025/26', 'tercera', 'actual', 20, 20, '/img/equipos/sc-freiburg-tercera.svg', 'Tercera equipacion 2025/26 del SC Freiburg.', FALSE),
  (300, 'Camiseta Mainz 05 Local', 100, '2025/26', 'local', 'actual', 20, 20, '/img/equipos/mainz-05-local.svg', 'Local equipacion 2025/26 del Mainz 05.', FALSE),
  (301, 'Camiseta Mainz 05 Visitante', 100, '2025/26', 'visitante', 'actual', 20, 20, '/img/equipos/mainz-05-visitante.svg', 'Visitante equipacion 2025/26 del Mainz 05.', FALSE),
  (302, 'Camiseta Mainz 05 Tercera', 100, '2025/26', 'tercera', 'actual', 20, 20, '/img/equipos/mainz-05-tercera.svg', 'Tercera equipacion 2025/26 del Mainz 05.', FALSE),
  (303, 'Camiseta FC Augsburg Local', 101, '2025/26', 'local', 'actual', 20, 20, '/img/equipos/fc-augsburg-local.svg', 'Local equipacion 2025/26 del FC Augsburg.', FALSE),
  (304, 'Camiseta FC Augsburg Visitante', 101, '2025/26', 'visitante', 'actual', 20, 20, '/img/equipos/fc-augsburg-visitante.svg', 'Visitante equipacion 2025/26 del FC Augsburg.', FALSE),
  (305, 'Camiseta FC Augsburg Tercera', 101, '2025/26', 'tercera', 'actual', 20, 20, '/img/equipos/fc-augsburg-tercera.svg', 'Tercera equipacion 2025/26 del FC Augsburg.', FALSE),
  (306, 'Camiseta Union Berlin Local', 102, '2025/26', 'local', 'actual', 20, 20, '/img/equipos/union-berlin-local.svg', 'Local equipacion 2025/26 del Union Berlin.', FALSE),
  (307, 'Camiseta Union Berlin Visitante', 102, '2025/26', 'visitante', 'actual', 20, 20, '/img/equipos/union-berlin-visitante.svg', 'Visitante equipacion 2025/26 del Union Berlin.', FALSE),
  (308, 'Camiseta Union Berlin Tercera', 102, '2025/26', 'tercera', 'actual', 20, 20, '/img/equipos/union-berlin-tercera.svg', 'Tercera equipacion 2025/26 del Union Berlin.', FALSE),
  (309, 'Camiseta Heidenheim Local', 103, '2025/26', 'local', 'actual', 20, 20, '/img/equipos/heidenheim-local.svg', 'Local equipacion 2025/26 del Heidenheim.', FALSE),
  (310, 'Camiseta Heidenheim Visitante', 103, '2025/26', 'visitante', 'actual', 20, 20, '/img/equipos/heidenheim-visitante.svg', 'Visitante equipacion 2025/26 del Heidenheim.', FALSE),
  (311, 'Camiseta Heidenheim Tercera', 103, '2025/26', 'tercera', 'actual', 20, 20, '/img/equipos/heidenheim-tercera.svg', 'Tercera equipacion 2025/26 del Heidenheim.', FALSE),
  (312, 'Camiseta St. Pauli Local', 104, '2025/26', 'local', 'actual', 20, 20, '/img/equipos/st-pauli-local.svg', 'Local equipacion 2025/26 del St. Pauli.', FALSE),
  (313, 'Camiseta St. Pauli Visitante', 104, '2025/26', 'visitante', 'actual', 20, 20, '/img/equipos/st-pauli-visitante.svg', 'Visitante equipacion 2025/26 del St. Pauli.', FALSE),
  (314, 'Camiseta St. Pauli Tercera', 104, '2025/26', 'tercera', 'actual', 20, 20, '/img/equipos/st-pauli-tercera.svg', 'Tercera equipacion 2025/26 del St. Pauli.', FALSE),
  (315, 'Camiseta Hamburger SV Local', 105, '2025/26', 'local', 'actual', 20, 20, '/img/equipos/hamburger-sv-local.svg', 'Local equipacion 2025/26 del Hamburger SV.', FALSE),
  (316, 'Camiseta Hamburger SV Visitante', 105, '2025/26', 'visitante', 'actual', 20, 20, '/img/equipos/hamburger-sv-visitante.svg', 'Visitante equipacion 2025/26 del Hamburger SV.', FALSE),
  (317, 'Camiseta Hamburger SV Tercera', 105, '2025/26', 'tercera', 'actual', 20, 20, '/img/equipos/hamburger-sv-tercera.svg', 'Tercera equipacion 2025/26 del Hamburger SV.', FALSE),
  (318, 'Camiseta 1. FC Koln Local', 106, '2025/26', 'local', 'actual', 20, 20, '/img/equipos/1-fc-koln-local.svg', 'Local equipacion 2025/26 del 1. FC Koln.', FALSE),
  (319, 'Camiseta 1. FC Koln Visitante', 106, '2025/26', 'visitante', 'actual', 20, 20, '/img/equipos/1-fc-koln-visitante.svg', 'Visitante equipacion 2025/26 del 1. FC Koln.', FALSE),
  (320, 'Camiseta 1. FC Koln Tercera', 106, '2025/26', 'tercera', 'actual', 20, 20, '/img/equipos/1-fc-koln-tercera.svg', 'Tercera equipacion 2025/26 del 1. FC Koln.', FALSE),
  (321, 'Camiseta Schalke 04 Local', 107, '2025/26', 'local', 'actual', 20, 20, '/img/equipos/schalke-04-local.svg', 'Local equipacion 2025/26 del Schalke 04.', FALSE),
  (322, 'Camiseta Schalke 04 Visitante', 107, '2025/26', 'visitante', 'actual', 20, 20, '/img/equipos/schalke-04-visitante.svg', 'Visitante equipacion 2025/26 del Schalke 04.', FALSE),
  (323, 'Camiseta Schalke 04 Tercera', 107, '2025/26', 'tercera', 'actual', 20, 20, '/img/equipos/schalke-04-tercera.svg', 'Tercera equipacion 2025/26 del Schalke 04.', FALSE),
  (324, 'Camiseta Hertha BSC Local', 108, '2025/26', 'local', 'actual', 20, 20, '/img/equipos/hertha-bsc-local.svg', 'Local equipacion 2025/26 del Hertha BSC.', FALSE),
  (325, 'Camiseta Hertha BSC Visitante', 108, '2025/26', 'visitante', 'actual', 20, 20, '/img/equipos/hertha-bsc-visitante.svg', 'Visitante equipacion 2025/26 del Hertha BSC.', FALSE),
  (326, 'Camiseta Hertha BSC Tercera', 108, '2025/26', 'tercera', 'actual', 20, 20, '/img/equipos/hertha-bsc-tercera.svg', 'Tercera equipacion 2025/26 del Hertha BSC.', FALSE),
  (327, 'Camiseta Fortuna Dusseldorf Local', 109, '2025/26', 'local', 'actual', 20, 20, '/img/equipos/fortuna-dusseldorf-local.svg', 'Local equipacion 2025/26 del Fortuna Dusseldorf.', FALSE),
  (328, 'Camiseta Fortuna Dusseldorf Visitante', 109, '2025/26', 'visitante', 'actual', 20, 20, '/img/equipos/fortuna-dusseldorf-visitante.svg', 'Visitante equipacion 2025/26 del Fortuna Dusseldorf.', FALSE),
  (329, 'Camiseta Fortuna Dusseldorf Tercera', 109, '2025/26', 'tercera', 'actual', 20, 20, '/img/equipos/fortuna-dusseldorf-tercera.svg', 'Tercera equipacion 2025/26 del Fortuna Dusseldorf.', FALSE),
  (330, 'Camiseta Kaiserslautern Local', 110, '2025/26', 'local', 'actual', 20, 20, '/img/equipos/kaiserslautern-local.svg', 'Local equipacion 2025/26 del Kaiserslautern.', FALSE),
  (331, 'Camiseta Kaiserslautern Visitante', 110, '2025/26', 'visitante', 'actual', 20, 20, '/img/equipos/kaiserslautern-visitante.svg', 'Visitante equipacion 2025/26 del Kaiserslautern.', FALSE),
  (332, 'Camiseta Kaiserslautern Tercera', 110, '2025/26', 'tercera', 'actual', 20, 20, '/img/equipos/kaiserslautern-tercera.svg', 'Tercera equipacion 2025/26 del Kaiserslautern.', FALSE),
  (333, 'Camiseta Hannover 96 Local', 111, '2025/26', 'local', 'actual', 20, 20, '/img/equipos/hannover-96-local.svg', 'Local equipacion 2025/26 del Hannover 96.', FALSE),
  (334, 'Camiseta Hannover 96 Visitante', 111, '2025/26', 'visitante', 'actual', 20, 20, '/img/equipos/hannover-96-visitante.svg', 'Visitante equipacion 2025/26 del Hannover 96.', FALSE),
  (335, 'Camiseta Hannover 96 Tercera', 111, '2025/26', 'tercera', 'actual', 20, 20, '/img/equipos/hannover-96-tercera.svg', 'Tercera equipacion 2025/26 del Hannover 96.', FALSE),
  (336, 'Camiseta 1. FC Nurnberg Local', 112, '2025/26', 'local', 'actual', 20, 20, '/img/equipos/1-fc-nurnberg-local.svg', 'Local equipacion 2025/26 del 1. FC Nurnberg.', FALSE),
  (337, 'Camiseta 1. FC Nurnberg Visitante', 112, '2025/26', 'visitante', 'actual', 20, 20, '/img/equipos/1-fc-nurnberg-visitante.svg', 'Visitante equipacion 2025/26 del 1. FC Nurnberg.', FALSE),
  (338, 'Camiseta 1. FC Nurnberg Tercera', 112, '2025/26', 'tercera', 'actual', 20, 20, '/img/equipos/1-fc-nurnberg-tercera.svg', 'Tercera equipacion 2025/26 del 1. FC Nurnberg.', FALSE),
  (339, 'Camiseta Karlsruher SC Local', 113, '2025/26', 'local', 'actual', 20, 20, '/img/equipos/karlsruher-sc-local.svg', 'Local equipacion 2025/26 del Karlsruher SC.', FALSE),
  (340, 'Camiseta Karlsruher SC Visitante', 113, '2025/26', 'visitante', 'actual', 20, 20, '/img/equipos/karlsruher-sc-visitante.svg', 'Visitante equipacion 2025/26 del Karlsruher SC.', FALSE),
  (341, 'Camiseta Karlsruher SC Tercera', 113, '2025/26', 'tercera', 'actual', 20, 20, '/img/equipos/karlsruher-sc-tercera.svg', 'Tercera equipacion 2025/26 del Karlsruher SC.', FALSE),
  (342, 'Camiseta SC Paderborn Local', 114, '2025/26', 'local', 'actual', 20, 20, '/img/equipos/sc-paderborn-local.svg', 'Local equipacion 2025/26 del SC Paderborn.', FALSE),
  (343, 'Camiseta SC Paderborn Visitante', 114, '2025/26', 'visitante', 'actual', 20, 20, '/img/equipos/sc-paderborn-visitante.svg', 'Visitante equipacion 2025/26 del SC Paderborn.', FALSE),
  (344, 'Camiseta SC Paderborn Tercera', 114, '2025/26', 'tercera', 'actual', 20, 20, '/img/equipos/sc-paderborn-tercera.svg', 'Tercera equipacion 2025/26 del SC Paderborn.', FALSE),
  (345, 'Camiseta VfL Bochum Local', 115, '2025/26', 'local', 'actual', 20, 20, '/img/equipos/vfl-bochum-local.svg', 'Local equipacion 2025/26 del VfL Bochum.', FALSE),
  (346, 'Camiseta VfL Bochum Visitante', 115, '2025/26', 'visitante', 'actual', 20, 20, '/img/equipos/vfl-bochum-visitante.svg', 'Visitante equipacion 2025/26 del VfL Bochum.', FALSE),
  (347, 'Camiseta VfL Bochum Tercera', 115, '2025/26', 'tercera', 'actual', 20, 20, '/img/equipos/vfl-bochum-tercera.svg', 'Tercera equipacion 2025/26 del VfL Bochum.', FALSE),
  (348, 'Camiseta Holstein Kiel Local', 116, '2025/26', 'local', 'actual', 20, 20, '/img/equipos/holstein-kiel-local.svg', 'Local equipacion 2025/26 del Holstein Kiel.', FALSE),
  (349, 'Camiseta Holstein Kiel Visitante', 116, '2025/26', 'visitante', 'actual', 20, 20, '/img/equipos/holstein-kiel-visitante.svg', 'Visitante equipacion 2025/26 del Holstein Kiel.', FALSE),
  (350, 'Camiseta Holstein Kiel Tercera', 116, '2025/26', 'tercera', 'actual', 20, 20, '/img/equipos/holstein-kiel-tercera.svg', 'Tercera equipacion 2025/26 del Holstein Kiel.', FALSE),
  (351, 'Camiseta Inter Local', 117, '2025/26', 'local', 'actual', 20, 20, '/img/equipos/inter-local.svg', 'Local equipacion 2025/26 del Inter.', FALSE),
  (352, 'Camiseta Inter Visitante', 117, '2025/26', 'visitante', 'actual', 20, 20, '/img/equipos/inter-visitante.svg', 'Visitante equipacion 2025/26 del Inter.', FALSE),
  (353, 'Camiseta Inter Tercera', 117, '2025/26', 'tercera', 'actual', 20, 20, '/img/equipos/inter-tercera.svg', 'Tercera equipacion 2025/26 del Inter.', FALSE),
  (354, 'Camiseta AC Milan Local', 118, '2025/26', 'local', 'actual', 20, 20, '/img/equipos/ac-milan-local.svg', 'Local equipacion 2025/26 del AC Milan.', FALSE),
  (355, 'Camiseta AC Milan Visitante', 118, '2025/26', 'visitante', 'actual', 20, 20, '/img/equipos/ac-milan-visitante.svg', 'Visitante equipacion 2025/26 del AC Milan.', FALSE),
  (356, 'Camiseta AC Milan Tercera', 118, '2025/26', 'tercera', 'actual', 20, 20, '/img/equipos/ac-milan-tercera.svg', 'Tercera equipacion 2025/26 del AC Milan.', FALSE),
  (357, 'Camiseta Juventus Local', 119, '2025/26', 'local', 'actual', 20, 20, '/img/equipos/juventus-local.svg', 'Local equipacion 2025/26 del Juventus.', FALSE),
  (358, 'Camiseta Juventus Visitante', 119, '2025/26', 'visitante', 'actual', 20, 20, '/img/equipos/juventus-visitante.svg', 'Visitante equipacion 2025/26 del Juventus.', FALSE),
  (359, 'Camiseta Juventus Tercera', 119, '2025/26', 'tercera', 'actual', 20, 20, '/img/equipos/juventus-tercera.svg', 'Tercera equipacion 2025/26 del Juventus.', FALSE),
  (360, 'Camiseta Napoli Local', 120, '2025/26', 'local', 'actual', 20, 20, '/img/equipos/napoli-local.svg', 'Local equipacion 2025/26 del Napoli.', FALSE),
  (361, 'Camiseta Napoli Visitante', 120, '2025/26', 'visitante', 'actual', 20, 20, '/img/equipos/napoli-visitante.svg', 'Visitante equipacion 2025/26 del Napoli.', FALSE),
  (362, 'Camiseta Napoli Tercera', 120, '2025/26', 'tercera', 'actual', 20, 20, '/img/equipos/napoli-tercera.svg', 'Tercera equipacion 2025/26 del Napoli.', FALSE),
  (363, 'Camiseta AS Roma Local', 121, '2025/26', 'local', 'actual', 20, 20, '/img/equipos/as-roma-local.svg', 'Local equipacion 2025/26 del AS Roma.', FALSE),
  (364, 'Camiseta AS Roma Visitante', 121, '2025/26', 'visitante', 'actual', 20, 20, '/img/equipos/as-roma-visitante.svg', 'Visitante equipacion 2025/26 del AS Roma.', FALSE),
  (365, 'Camiseta AS Roma Tercera', 121, '2025/26', 'tercera', 'actual', 20, 20, '/img/equipos/as-roma-tercera.svg', 'Tercera equipacion 2025/26 del AS Roma.', FALSE),
  (366, 'Camiseta Lazio Local', 122, '2025/26', 'local', 'actual', 20, 20, '/img/equipos/lazio-local.svg', 'Local equipacion 2025/26 del Lazio.', FALSE),
  (367, 'Camiseta Lazio Visitante', 122, '2025/26', 'visitante', 'actual', 20, 20, '/img/equipos/lazio-visitante.svg', 'Visitante equipacion 2025/26 del Lazio.', FALSE),
  (368, 'Camiseta Lazio Tercera', 122, '2025/26', 'tercera', 'actual', 20, 20, '/img/equipos/lazio-tercera.svg', 'Tercera equipacion 2025/26 del Lazio.', FALSE),
  (369, 'Camiseta Atalanta Local', 123, '2025/26', 'local', 'actual', 20, 20, '/img/equipos/atalanta-local.svg', 'Local equipacion 2025/26 del Atalanta.', FALSE),
  (370, 'Camiseta Atalanta Visitante', 123, '2025/26', 'visitante', 'actual', 20, 20, '/img/equipos/atalanta-visitante.svg', 'Visitante equipacion 2025/26 del Atalanta.', FALSE),
  (371, 'Camiseta Atalanta Tercera', 123, '2025/26', 'tercera', 'actual', 20, 20, '/img/equipos/atalanta-tercera.svg', 'Tercera equipacion 2025/26 del Atalanta.', FALSE),
  (372, 'Camiseta Fiorentina Local', 124, '2025/26', 'local', 'actual', 20, 20, '/img/equipos/fiorentina-local.svg', 'Local equipacion 2025/26 del Fiorentina.', FALSE),
  (373, 'Camiseta Fiorentina Visitante', 124, '2025/26', 'visitante', 'actual', 20, 20, '/img/equipos/fiorentina-visitante.svg', 'Visitante equipacion 2025/26 del Fiorentina.', FALSE),
  (374, 'Camiseta Fiorentina Tercera', 124, '2025/26', 'tercera', 'actual', 20, 20, '/img/equipos/fiorentina-tercera.svg', 'Tercera equipacion 2025/26 del Fiorentina.', FALSE),
  (375, 'Camiseta Bologna Local', 125, '2025/26', 'local', 'actual', 20, 20, '/img/equipos/bologna-local.svg', 'Local equipacion 2025/26 del Bologna.', FALSE),
  (376, 'Camiseta Bologna Visitante', 125, '2025/26', 'visitante', 'actual', 20, 20, '/img/equipos/bologna-visitante.svg', 'Visitante equipacion 2025/26 del Bologna.', FALSE),
  (377, 'Camiseta Bologna Tercera', 125, '2025/26', 'tercera', 'actual', 20, 20, '/img/equipos/bologna-tercera.svg', 'Tercera equipacion 2025/26 del Bologna.', FALSE),
  (378, 'Camiseta Torino Local', 126, '2025/26', 'local', 'actual', 20, 20, '/img/equipos/torino-local.svg', 'Local equipacion 2025/26 del Torino.', FALSE),
  (379, 'Camiseta Torino Visitante', 126, '2025/26', 'visitante', 'actual', 20, 20, '/img/equipos/torino-visitante.svg', 'Visitante equipacion 2025/26 del Torino.', FALSE),
  (380, 'Camiseta Torino Tercera', 126, '2025/26', 'tercera', 'actual', 20, 20, '/img/equipos/torino-tercera.svg', 'Tercera equipacion 2025/26 del Torino.', FALSE),
  (381, 'Camiseta Udinese Local', 127, '2025/26', 'local', 'actual', 20, 20, '/img/equipos/udinese-local.svg', 'Local equipacion 2025/26 del Udinese.', FALSE),
  (382, 'Camiseta Udinese Visitante', 127, '2025/26', 'visitante', 'actual', 20, 20, '/img/equipos/udinese-visitante.svg', 'Visitante equipacion 2025/26 del Udinese.', FALSE),
  (383, 'Camiseta Udinese Tercera', 127, '2025/26', 'tercera', 'actual', 20, 20, '/img/equipos/udinese-tercera.svg', 'Tercera equipacion 2025/26 del Udinese.', FALSE),
  (384, 'Camiseta Genoa Local', 128, '2025/26', 'local', 'actual', 20, 20, '/img/equipos/genoa-local.svg', 'Local equipacion 2025/26 del Genoa.', FALSE),
  (385, 'Camiseta Genoa Visitante', 128, '2025/26', 'visitante', 'actual', 20, 20, '/img/equipos/genoa-visitante.svg', 'Visitante equipacion 2025/26 del Genoa.', FALSE),
  (386, 'Camiseta Genoa Tercera', 128, '2025/26', 'tercera', 'actual', 20, 20, '/img/equipos/genoa-tercera.svg', 'Tercera equipacion 2025/26 del Genoa.', FALSE),
  (387, 'Camiseta Como Local', 129, '2025/26', 'local', 'actual', 20, 20, '/img/equipos/como-local.svg', 'Local equipacion 2025/26 del Como.', FALSE),
  (388, 'Camiseta Como Visitante', 129, '2025/26', 'visitante', 'actual', 20, 20, '/img/equipos/como-visitante.svg', 'Visitante equipacion 2025/26 del Como.', FALSE),
  (389, 'Camiseta Como Tercera', 129, '2025/26', 'tercera', 'actual', 20, 20, '/img/equipos/como-tercera.svg', 'Tercera equipacion 2025/26 del Como.', FALSE),
  (390, 'Camiseta Cagliari Local', 130, '2025/26', 'local', 'actual', 20, 20, '/img/equipos/cagliari-local.svg', 'Local equipacion 2025/26 del Cagliari.', FALSE),
  (391, 'Camiseta Cagliari Visitante', 130, '2025/26', 'visitante', 'actual', 20, 20, '/img/equipos/cagliari-visitante.svg', 'Visitante equipacion 2025/26 del Cagliari.', FALSE),
  (392, 'Camiseta Cagliari Tercera', 130, '2025/26', 'tercera', 'actual', 20, 20, '/img/equipos/cagliari-tercera.svg', 'Tercera equipacion 2025/26 del Cagliari.', FALSE),
  (393, 'Camiseta Hellas Verona Local', 131, '2025/26', 'local', 'actual', 20, 20, '/img/equipos/hellas-verona-local.svg', 'Local equipacion 2025/26 del Hellas Verona.', FALSE),
  (394, 'Camiseta Hellas Verona Visitante', 131, '2025/26', 'visitante', 'actual', 20, 20, '/img/equipos/hellas-verona-visitante.svg', 'Visitante equipacion 2025/26 del Hellas Verona.', FALSE),
  (395, 'Camiseta Hellas Verona Tercera', 131, '2025/26', 'tercera', 'actual', 20, 20, '/img/equipos/hellas-verona-tercera.svg', 'Tercera equipacion 2025/26 del Hellas Verona.', FALSE),
  (396, 'Camiseta Lecce Local', 132, '2025/26', 'local', 'actual', 20, 20, '/img/equipos/lecce-local.svg', 'Local equipacion 2025/26 del Lecce.', FALSE),
  (397, 'Camiseta Lecce Visitante', 132, '2025/26', 'visitante', 'actual', 20, 20, '/img/equipos/lecce-visitante.svg', 'Visitante equipacion 2025/26 del Lecce.', FALSE),
  (398, 'Camiseta Lecce Tercera', 132, '2025/26', 'tercera', 'actual', 20, 20, '/img/equipos/lecce-tercera.svg', 'Tercera equipacion 2025/26 del Lecce.', FALSE),
  (399, 'Camiseta Parma Local', 133, '2025/26', 'local', 'actual', 20, 20, '/img/equipos/parma-local.svg', 'Local equipacion 2025/26 del Parma.', FALSE),
  (400, 'Camiseta Parma Visitante', 133, '2025/26', 'visitante', 'actual', 20, 20, '/img/equipos/parma-visitante.svg', 'Visitante equipacion 2025/26 del Parma.', FALSE),
  (401, 'Camiseta Parma Tercera', 133, '2025/26', 'tercera', 'actual', 20, 20, '/img/equipos/parma-tercera.svg', 'Tercera equipacion 2025/26 del Parma.', FALSE),
  (402, 'Camiseta Sassuolo Local', 134, '2025/26', 'local', 'actual', 20, 20, '/img/equipos/sassuolo-local.svg', 'Local equipacion 2025/26 del Sassuolo.', FALSE),
  (403, 'Camiseta Sassuolo Visitante', 134, '2025/26', 'visitante', 'actual', 20, 20, '/img/equipos/sassuolo-visitante.svg', 'Visitante equipacion 2025/26 del Sassuolo.', FALSE),
  (404, 'Camiseta Sassuolo Tercera', 134, '2025/26', 'tercera', 'actual', 20, 20, '/img/equipos/sassuolo-tercera.svg', 'Tercera equipacion 2025/26 del Sassuolo.', FALSE),
  (405, 'Camiseta Pisa Local', 135, '2025/26', 'local', 'actual', 20, 20, '/img/equipos/pisa-local.svg', 'Local equipacion 2025/26 del Pisa.', FALSE),
  (406, 'Camiseta Pisa Visitante', 135, '2025/26', 'visitante', 'actual', 20, 20, '/img/equipos/pisa-visitante.svg', 'Visitante equipacion 2025/26 del Pisa.', FALSE),
  (407, 'Camiseta Pisa Tercera', 135, '2025/26', 'tercera', 'actual', 20, 20, '/img/equipos/pisa-tercera.svg', 'Tercera equipacion 2025/26 del Pisa.', FALSE),
  (408, 'Camiseta Cremonese Local', 136, '2025/26', 'local', 'actual', 20, 20, '/img/equipos/cremonese-local.svg', 'Local equipacion 2025/26 del Cremonese.', FALSE),
  (409, 'Camiseta Cremonese Visitante', 136, '2025/26', 'visitante', 'actual', 20, 20, '/img/equipos/cremonese-visitante.svg', 'Visitante equipacion 2025/26 del Cremonese.', FALSE),
  (410, 'Camiseta Cremonese Tercera', 136, '2025/26', 'tercera', 'actual', 20, 20, '/img/equipos/cremonese-tercera.svg', 'Tercera equipacion 2025/26 del Cremonese.', FALSE),
  (411, 'Camiseta Boca Juniors Local', 137, '2025/26', 'local', 'actual', 20, 20, '/img/boca-local.svg', 'Local equipacion 2025/26 del Boca Juniors.', TRUE),
  (412, 'Camiseta Boca Juniors Visitante', 137, '2025/26', 'visitante', 'actual', 20, 20, '/img/equipos/boca-juniors-visitante.svg', 'Visitante equipacion 2025/26 del Boca Juniors.', FALSE),
  (413, 'Camiseta Boca Juniors Tercera', 137, '2025/26', 'tercera', 'actual', 20, 20, '/img/equipos/boca-juniors-tercera.svg', 'Tercera equipacion 2025/26 del Boca Juniors.', FALSE),
  (414, 'Camiseta River Plate Local', 138, '2025/26', 'local', 'actual', 20, 20, '/img/equipos/river-plate-local.svg', 'Local equipacion 2025/26 del River Plate.', FALSE),
  (415, 'Camiseta River Plate Visitante', 138, '2025/26', 'visitante', 'actual', 20, 20, '/img/equipos/river-plate-visitante.svg', 'Visitante equipacion 2025/26 del River Plate.', FALSE),
  (416, 'Camiseta River Plate Tercera', 138, '2025/26', 'tercera', 'actual', 20, 20, '/img/equipos/river-plate-tercera.svg', 'Tercera equipacion 2025/26 del River Plate.', FALSE),
  (417, 'Camiseta Racing Club Local', 139, '2025/26', 'local', 'actual', 20, 20, '/img/equipos/racing-club-local.svg', 'Local equipacion 2025/26 del Racing Club.', FALSE),
  (418, 'Camiseta Racing Club Visitante', 139, '2025/26', 'visitante', 'actual', 20, 20, '/img/equipos/racing-club-visitante.svg', 'Visitante equipacion 2025/26 del Racing Club.', FALSE),
  (419, 'Camiseta Racing Club Tercera', 139, '2025/26', 'tercera', 'actual', 20, 20, '/img/equipos/racing-club-tercera.svg', 'Tercera equipacion 2025/26 del Racing Club.', FALSE),
  (420, 'Camiseta Independiente Local', 140, '2025/26', 'local', 'actual', 20, 20, '/img/equipos/independiente-local.svg', 'Local equipacion 2025/26 del Independiente.', FALSE),
  (421, 'Camiseta Independiente Visitante', 140, '2025/26', 'visitante', 'actual', 20, 20, '/img/equipos/independiente-visitante.svg', 'Visitante equipacion 2025/26 del Independiente.', FALSE),
  (422, 'Camiseta Independiente Tercera', 140, '2025/26', 'tercera', 'actual', 20, 20, '/img/equipos/independiente-tercera.svg', 'Tercera equipacion 2025/26 del Independiente.', FALSE),
  (423, 'Camiseta San Lorenzo Local', 141, '2025/26', 'local', 'actual', 20, 20, '/img/equipos/san-lorenzo-local.svg', 'Local equipacion 2025/26 del San Lorenzo.', FALSE),
  (424, 'Camiseta San Lorenzo Visitante', 141, '2025/26', 'visitante', 'actual', 20, 20, '/img/equipos/san-lorenzo-visitante.svg', 'Visitante equipacion 2025/26 del San Lorenzo.', FALSE),
  (425, 'Camiseta San Lorenzo Tercera', 141, '2025/26', 'tercera', 'actual', 20, 20, '/img/equipos/san-lorenzo-tercera.svg', 'Tercera equipacion 2025/26 del San Lorenzo.', FALSE),
  (426, 'Camiseta Velez Sarsfield Local', 142, '2025/26', 'local', 'actual', 20, 20, '/img/equipos/velez-sarsfield-local.svg', 'Local equipacion 2025/26 del Velez Sarsfield.', FALSE),
  (427, 'Camiseta Velez Sarsfield Visitante', 142, '2025/26', 'visitante', 'actual', 20, 20, '/img/equipos/velez-sarsfield-visitante.svg', 'Visitante equipacion 2025/26 del Velez Sarsfield.', FALSE),
  (428, 'Camiseta Velez Sarsfield Tercera', 142, '2025/26', 'tercera', 'actual', 20, 20, '/img/equipos/velez-sarsfield-tercera.svg', 'Tercera equipacion 2025/26 del Velez Sarsfield.', FALSE),
  (429, 'Camiseta Estudiantes Local', 143, '2025/26', 'local', 'actual', 20, 20, '/img/equipos/estudiantes-local.svg', 'Local equipacion 2025/26 del Estudiantes.', FALSE),
  (430, 'Camiseta Estudiantes Visitante', 143, '2025/26', 'visitante', 'actual', 20, 20, '/img/equipos/estudiantes-visitante.svg', 'Visitante equipacion 2025/26 del Estudiantes.', FALSE),
  (431, 'Camiseta Estudiantes Tercera', 143, '2025/26', 'tercera', 'actual', 20, 20, '/img/equipos/estudiantes-tercera.svg', 'Tercera equipacion 2025/26 del Estudiantes.', FALSE),
  (432, 'Camiseta Newells Old Boys Local', 144, '2025/26', 'local', 'actual', 20, 20, '/img/equipos/newells-old-boys-local.svg', 'Local equipacion 2025/26 del Newells Old Boys.', FALSE),
  (433, 'Camiseta Newells Old Boys Visitante', 144, '2025/26', 'visitante', 'actual', 20, 20, '/img/equipos/newells-old-boys-visitante.svg', 'Visitante equipacion 2025/26 del Newells Old Boys.', FALSE),
  (434, 'Camiseta Newells Old Boys Tercera', 144, '2025/26', 'tercera', 'actual', 20, 20, '/img/equipos/newells-old-boys-tercera.svg', 'Tercera equipacion 2025/26 del Newells Old Boys.', FALSE),
  (435, 'Camiseta Flamengo Local', 145, '2025/26', 'local', 'actual', 20, 20, '/img/equipos/flamengo-local.svg', 'Local equipacion 2025/26 del Flamengo.', FALSE),
  (436, 'Camiseta Flamengo Visitante', 145, '2025/26', 'visitante', 'actual', 20, 20, '/img/equipos/flamengo-visitante.svg', 'Visitante equipacion 2025/26 del Flamengo.', FALSE),
  (437, 'Camiseta Flamengo Tercera', 145, '2025/26', 'tercera', 'actual', 20, 20, '/img/equipos/flamengo-tercera.svg', 'Tercera equipacion 2025/26 del Flamengo.', FALSE),
  (438, 'Camiseta Palmeiras Local', 146, '2025/26', 'local', 'actual', 20, 20, '/img/equipos/palmeiras-local.svg', 'Local equipacion 2025/26 del Palmeiras.', FALSE),
  (439, 'Camiseta Palmeiras Visitante', 146, '2025/26', 'visitante', 'actual', 20, 20, '/img/equipos/palmeiras-visitante.svg', 'Visitante equipacion 2025/26 del Palmeiras.', FALSE),
  (440, 'Camiseta Palmeiras Tercera', 146, '2025/26', 'tercera', 'actual', 20, 20, '/img/equipos/palmeiras-tercera.svg', 'Tercera equipacion 2025/26 del Palmeiras.', FALSE),
  (441, 'Camiseta Corinthians Local', 147, '2025/26', 'local', 'actual', 20, 20, '/img/equipos/corinthians-local.svg', 'Local equipacion 2025/26 del Corinthians.', FALSE),
  (442, 'Camiseta Corinthians Visitante', 147, '2025/26', 'visitante', 'actual', 20, 20, '/img/equipos/corinthians-visitante.svg', 'Visitante equipacion 2025/26 del Corinthians.', FALSE),
  (443, 'Camiseta Corinthians Tercera', 147, '2025/26', 'tercera', 'actual', 20, 20, '/img/equipos/corinthians-tercera.svg', 'Tercera equipacion 2025/26 del Corinthians.', FALSE),
  (444, 'Camiseta Sao Paulo Local', 148, '2025/26', 'local', 'actual', 20, 20, '/img/equipos/sao-paulo-local.svg', 'Local equipacion 2025/26 del Sao Paulo.', FALSE),
  (445, 'Camiseta Sao Paulo Visitante', 148, '2025/26', 'visitante', 'actual', 20, 20, '/img/equipos/sao-paulo-visitante.svg', 'Visitante equipacion 2025/26 del Sao Paulo.', FALSE),
  (446, 'Camiseta Sao Paulo Tercera', 148, '2025/26', 'tercera', 'actual', 20, 20, '/img/equipos/sao-paulo-tercera.svg', 'Tercera equipacion 2025/26 del Sao Paulo.', FALSE),
  (447, 'Camiseta Fluminense Local', 149, '2025/26', 'local', 'actual', 20, 20, '/img/equipos/fluminense-local.svg', 'Local equipacion 2025/26 del Fluminense.', FALSE),
  (448, 'Camiseta Fluminense Visitante', 149, '2025/26', 'visitante', 'actual', 20, 20, '/img/equipos/fluminense-visitante.svg', 'Visitante equipacion 2025/26 del Fluminense.', FALSE),
  (449, 'Camiseta Fluminense Tercera', 149, '2025/26', 'tercera', 'actual', 20, 20, '/img/equipos/fluminense-tercera.svg', 'Tercera equipacion 2025/26 del Fluminense.', FALSE),
  (450, 'Camiseta Gremio Local', 150, '2025/26', 'local', 'actual', 20, 20, '/img/equipos/gremio-local.svg', 'Local equipacion 2025/26 del Gremio.', FALSE),
  (451, 'Camiseta Gremio Visitante', 150, '2025/26', 'visitante', 'actual', 20, 20, '/img/equipos/gremio-visitante.svg', 'Visitante equipacion 2025/26 del Gremio.', FALSE),
  (452, 'Camiseta Gremio Tercera', 150, '2025/26', 'tercera', 'actual', 20, 20, '/img/equipos/gremio-tercera.svg', 'Tercera equipacion 2025/26 del Gremio.', FALSE),
  (453, 'Camiseta Internacional Local', 151, '2025/26', 'local', 'actual', 20, 20, '/img/equipos/internacional-local.svg', 'Local equipacion 2025/26 del Internacional.', FALSE),
  (454, 'Camiseta Internacional Visitante', 151, '2025/26', 'visitante', 'actual', 20, 20, '/img/equipos/internacional-visitante.svg', 'Visitante equipacion 2025/26 del Internacional.', FALSE),
  (455, 'Camiseta Internacional Tercera', 151, '2025/26', 'tercera', 'actual', 20, 20, '/img/equipos/internacional-tercera.svg', 'Tercera equipacion 2025/26 del Internacional.', FALSE),
  (456, 'Camiseta Atletico Mineiro Local', 152, '2025/26', 'local', 'actual', 20, 20, '/img/equipos/atletico-mineiro-local.svg', 'Local equipacion 2025/26 del Atletico Mineiro.', FALSE),
  (457, 'Camiseta Atletico Mineiro Visitante', 152, '2025/26', 'visitante', 'actual', 20, 20, '/img/equipos/atletico-mineiro-visitante.svg', 'Visitante equipacion 2025/26 del Atletico Mineiro.', FALSE),
  (458, 'Camiseta Atletico Mineiro Tercera', 152, '2025/26', 'tercera', 'actual', 20, 20, '/img/equipos/atletico-mineiro-tercera.svg', 'Tercera equipacion 2025/26 del Atletico Mineiro.', FALSE),
  (459, 'Camiseta Botafogo Local', 153, '2025/26', 'local', 'actual', 20, 20, '/img/equipos/botafogo-local.svg', 'Local equipacion 2025/26 del Botafogo.', FALSE),
  (460, 'Camiseta Botafogo Visitante', 153, '2025/26', 'visitante', 'actual', 20, 20, '/img/equipos/botafogo-visitante.svg', 'Visitante equipacion 2025/26 del Botafogo.', FALSE),
  (461, 'Camiseta Botafogo Tercera', 153, '2025/26', 'tercera', 'actual', 20, 20, '/img/equipos/botafogo-tercera.svg', 'Tercera equipacion 2025/26 del Botafogo.', FALSE),
  (462, 'Camiseta Santos Local', 154, '2025/26', 'local', 'actual', 20, 20, '/img/equipos/santos-local.svg', 'Local equipacion 2025/26 del Santos.', FALSE),
  (463, 'Camiseta Santos Visitante', 154, '2025/26', 'visitante', 'actual', 20, 20, '/img/equipos/santos-visitante.svg', 'Visitante equipacion 2025/26 del Santos.', FALSE),
  (464, 'Camiseta Santos Tercera', 154, '2025/26', 'tercera', 'actual', 20, 20, '/img/equipos/santos-tercera.svg', 'Tercera equipacion 2025/26 del Santos.', FALSE),
  (465, 'Camiseta Ajax Local', 155, '2025/26', 'local', 'actual', 20, 20, '/img/equipos/ajax-local.svg', 'Local equipacion 2025/26 del Ajax.', FALSE),
  (466, 'Camiseta Ajax Visitante', 155, '2025/26', 'visitante', 'actual', 20, 20, '/img/equipos/ajax-visitante.svg', 'Visitante equipacion 2025/26 del Ajax.', FALSE),
  (467, 'Camiseta Ajax Tercera', 155, '2025/26', 'tercera', 'actual', 20, 20, '/img/equipos/ajax-tercera.svg', 'Tercera equipacion 2025/26 del Ajax.', FALSE),
  (468, 'Camiseta PSV Eindhoven Local', 156, '2025/26', 'local', 'actual', 20, 20, '/img/equipos/psv-eindhoven-local.svg', 'Local equipacion 2025/26 del PSV Eindhoven.', FALSE),
  (469, 'Camiseta PSV Eindhoven Visitante', 156, '2025/26', 'visitante', 'actual', 20, 20, '/img/equipos/psv-eindhoven-visitante.svg', 'Visitante equipacion 2025/26 del PSV Eindhoven.', FALSE),
  (470, 'Camiseta PSV Eindhoven Tercera', 156, '2025/26', 'tercera', 'actual', 20, 20, '/img/equipos/psv-eindhoven-tercera.svg', 'Tercera equipacion 2025/26 del PSV Eindhoven.', FALSE),
  (471, 'Camiseta Feyenoord Local', 157, '2025/26', 'local', 'actual', 20, 20, '/img/equipos/feyenoord-local.svg', 'Local equipacion 2025/26 del Feyenoord.', FALSE),
  (472, 'Camiseta Feyenoord Visitante', 157, '2025/26', 'visitante', 'actual', 20, 20, '/img/equipos/feyenoord-visitante.svg', 'Visitante equipacion 2025/26 del Feyenoord.', FALSE),
  (473, 'Camiseta Feyenoord Tercera', 157, '2025/26', 'tercera', 'actual', 20, 20, '/img/equipos/feyenoord-tercera.svg', 'Tercera equipacion 2025/26 del Feyenoord.', FALSE),
  (474, 'Camiseta AZ Alkmaar Local', 158, '2025/26', 'local', 'actual', 20, 20, '/img/equipos/az-alkmaar-local.svg', 'Local equipacion 2025/26 del AZ Alkmaar.', FALSE),
  (475, 'Camiseta AZ Alkmaar Visitante', 158, '2025/26', 'visitante', 'actual', 20, 20, '/img/equipos/az-alkmaar-visitante.svg', 'Visitante equipacion 2025/26 del AZ Alkmaar.', FALSE),
  (476, 'Camiseta AZ Alkmaar Tercera', 158, '2025/26', 'tercera', 'actual', 20, 20, '/img/equipos/az-alkmaar-tercera.svg', 'Tercera equipacion 2025/26 del AZ Alkmaar.', FALSE),
  (477, 'Camiseta FC Twente Local', 159, '2025/26', 'local', 'actual', 20, 20, '/img/equipos/fc-twente-local.svg', 'Local equipacion 2025/26 del FC Twente.', FALSE),
  (478, 'Camiseta FC Twente Visitante', 159, '2025/26', 'visitante', 'actual', 20, 20, '/img/equipos/fc-twente-visitante.svg', 'Visitante equipacion 2025/26 del FC Twente.', FALSE),
  (479, 'Camiseta FC Twente Tercera', 159, '2025/26', 'tercera', 'actual', 20, 20, '/img/equipos/fc-twente-tercera.svg', 'Tercera equipacion 2025/26 del FC Twente.', FALSE),
  (480, 'Camiseta FC Utrecht Local', 160, '2025/26', 'local', 'actual', 20, 20, '/img/equipos/fc-utrecht-local.svg', 'Local equipacion 2025/26 del FC Utrecht.', FALSE),
  (481, 'Camiseta FC Utrecht Visitante', 160, '2025/26', 'visitante', 'actual', 20, 20, '/img/equipos/fc-utrecht-visitante.svg', 'Visitante equipacion 2025/26 del FC Utrecht.', FALSE),
  (482, 'Camiseta FC Utrecht Tercera', 160, '2025/26', 'tercera', 'actual', 20, 20, '/img/equipos/fc-utrecht-tercera.svg', 'Tercera equipacion 2025/26 del FC Utrecht.', FALSE),
  (483, 'Camiseta Club Brugge Local', 161, '2025/26', 'local', 'actual', 20, 20, '/img/equipos/club-brugge-local.svg', 'Local equipacion 2025/26 del Club Brugge.', FALSE),
  (484, 'Camiseta Club Brugge Visitante', 161, '2025/26', 'visitante', 'actual', 20, 20, '/img/equipos/club-brugge-visitante.svg', 'Visitante equipacion 2025/26 del Club Brugge.', FALSE),
  (485, 'Camiseta Club Brugge Tercera', 161, '2025/26', 'tercera', 'actual', 20, 20, '/img/equipos/club-brugge-tercera.svg', 'Tercera equipacion 2025/26 del Club Brugge.', FALSE),
  (486, 'Camiseta Anderlecht Local', 162, '2025/26', 'local', 'actual', 20, 20, '/img/equipos/anderlecht-local.svg', 'Local equipacion 2025/26 del Anderlecht.', FALSE),
  (487, 'Camiseta Anderlecht Visitante', 162, '2025/26', 'visitante', 'actual', 20, 20, '/img/equipos/anderlecht-visitante.svg', 'Visitante equipacion 2025/26 del Anderlecht.', FALSE),
  (488, 'Camiseta Anderlecht Tercera', 162, '2025/26', 'tercera', 'actual', 20, 20, '/img/equipos/anderlecht-tercera.svg', 'Tercera equipacion 2025/26 del Anderlecht.', FALSE),
  (489, 'Camiseta Genk Local', 163, '2025/26', 'local', 'actual', 20, 20, '/img/equipos/genk-local.svg', 'Local equipacion 2025/26 del Genk.', FALSE),
  (490, 'Camiseta Genk Visitante', 163, '2025/26', 'visitante', 'actual', 20, 20, '/img/equipos/genk-visitante.svg', 'Visitante equipacion 2025/26 del Genk.', FALSE),
  (491, 'Camiseta Genk Tercera', 163, '2025/26', 'tercera', 'actual', 20, 20, '/img/equipos/genk-tercera.svg', 'Tercera equipacion 2025/26 del Genk.', FALSE),
  (492, 'Camiseta Standard Liege Local', 164, '2025/26', 'local', 'actual', 20, 20, '/img/equipos/standard-liege-local.svg', 'Local equipacion 2025/26 del Standard Liege.', FALSE),
  (493, 'Camiseta Standard Liege Visitante', 164, '2025/26', 'visitante', 'actual', 20, 20, '/img/equipos/standard-liege-visitante.svg', 'Visitante equipacion 2025/26 del Standard Liege.', FALSE),
  (494, 'Camiseta Standard Liege Tercera', 164, '2025/26', 'tercera', 'actual', 20, 20, '/img/equipos/standard-liege-tercera.svg', 'Tercera equipacion 2025/26 del Standard Liege.', FALSE),
  (495, 'Camiseta Royal Antwerp Local', 165, '2025/26', 'local', 'actual', 20, 20, '/img/equipos/royal-antwerp-local.svg', 'Local equipacion 2025/26 del Royal Antwerp.', FALSE),
  (496, 'Camiseta Royal Antwerp Visitante', 165, '2025/26', 'visitante', 'actual', 20, 20, '/img/equipos/royal-antwerp-visitante.svg', 'Visitante equipacion 2025/26 del Royal Antwerp.', FALSE),
  (497, 'Camiseta Royal Antwerp Tercera', 165, '2025/26', 'tercera', 'actual', 20, 20, '/img/equipos/royal-antwerp-tercera.svg', 'Tercera equipacion 2025/26 del Royal Antwerp.', FALSE),
  (498, 'Camiseta Gent Local', 166, '2025/26', 'local', 'actual', 20, 20, '/img/equipos/gent-local.svg', 'Local equipacion 2025/26 del Gent.', FALSE),
  (499, 'Camiseta Gent Visitante', 166, '2025/26', 'visitante', 'actual', 20, 20, '/img/equipos/gent-visitante.svg', 'Visitante equipacion 2025/26 del Gent.', FALSE),
  (500, 'Camiseta Gent Tercera', 166, '2025/26', 'tercera', 'actual', 20, 20, '/img/equipos/gent-tercera.svg', 'Tercera equipacion 2025/26 del Gent.', FALSE),
  (501, 'Camiseta Celtic Local', 167, '2025/26', 'local', 'actual', 20, 20, '/img/equipos/celtic-local.svg', 'Local equipacion 2025/26 del Celtic.', FALSE),
  (502, 'Camiseta Celtic Visitante', 167, '2025/26', 'visitante', 'actual', 20, 20, '/img/equipos/celtic-visitante.svg', 'Visitante equipacion 2025/26 del Celtic.', FALSE),
  (503, 'Camiseta Celtic Tercera', 167, '2025/26', 'tercera', 'actual', 20, 20, '/img/equipos/celtic-tercera.svg', 'Tercera equipacion 2025/26 del Celtic.', FALSE),
  (504, 'Camiseta Rangers Local', 168, '2025/26', 'local', 'actual', 20, 20, '/img/equipos/rangers-local.svg', 'Local equipacion 2025/26 del Rangers.', FALSE),
  (505, 'Camiseta Rangers Visitante', 168, '2025/26', 'visitante', 'actual', 20, 20, '/img/equipos/rangers-visitante.svg', 'Visitante equipacion 2025/26 del Rangers.', FALSE),
  (506, 'Camiseta Rangers Tercera', 168, '2025/26', 'tercera', 'actual', 20, 20, '/img/equipos/rangers-tercera.svg', 'Tercera equipacion 2025/26 del Rangers.', FALSE),
  (507, 'Camiseta Aberdeen Local', 169, '2025/26', 'local', 'actual', 20, 20, '/img/equipos/aberdeen-local.svg', 'Local equipacion 2025/26 del Aberdeen.', FALSE),
  (508, 'Camiseta Aberdeen Visitante', 169, '2025/26', 'visitante', 'actual', 20, 20, '/img/equipos/aberdeen-visitante.svg', 'Visitante equipacion 2025/26 del Aberdeen.', FALSE),
  (509, 'Camiseta Aberdeen Tercera', 169, '2025/26', 'tercera', 'actual', 20, 20, '/img/equipos/aberdeen-tercera.svg', 'Tercera equipacion 2025/26 del Aberdeen.', FALSE),
  (510, 'Camiseta Heart of Midlothian Local', 170, '2025/26', 'local', 'actual', 20, 20, '/img/equipos/heart-of-midlothian-local.svg', 'Local equipacion 2025/26 del Heart of Midlothian.', FALSE),
  (511, 'Camiseta Heart of Midlothian Visitante', 170, '2025/26', 'visitante', 'actual', 20, 20, '/img/equipos/heart-of-midlothian-visitante.svg', 'Visitante equipacion 2025/26 del Heart of Midlothian.', FALSE),
  (512, 'Camiseta Heart of Midlothian Tercera', 170, '2025/26', 'tercera', 'actual', 20, 20, '/img/equipos/heart-of-midlothian-tercera.svg', 'Tercera equipacion 2025/26 del Heart of Midlothian.', FALSE),
  (513, 'Camiseta Hibernian Local', 171, '2025/26', 'local', 'actual', 20, 20, '/img/equipos/hibernian-local.svg', 'Local equipacion 2025/26 del Hibernian.', FALSE),
  (514, 'Camiseta Hibernian Visitante', 171, '2025/26', 'visitante', 'actual', 20, 20, '/img/equipos/hibernian-visitante.svg', 'Visitante equipacion 2025/26 del Hibernian.', FALSE),
  (515, 'Camiseta Hibernian Tercera', 171, '2025/26', 'tercera', 'actual', 20, 20, '/img/equipos/hibernian-tercera.svg', 'Tercera equipacion 2025/26 del Hibernian.', FALSE),
  (516, 'Camiseta Urawa Red Diamonds Local', 172, '2025/26', 'local', 'actual', 20, 20, '/img/equipos/urawa-red-diamonds-local.svg', 'Local equipacion 2025/26 del Urawa Red Diamonds.', FALSE),
  (517, 'Camiseta Urawa Red Diamonds Visitante', 172, '2025/26', 'visitante', 'actual', 20, 20, '/img/equipos/urawa-red-diamonds-visitante.svg', 'Visitante equipacion 2025/26 del Urawa Red Diamonds.', FALSE),
  (518, 'Camiseta Urawa Red Diamonds Tercera', 172, '2025/26', 'tercera', 'actual', 20, 20, '/img/equipos/urawa-red-diamonds-tercera.svg', 'Tercera equipacion 2025/26 del Urawa Red Diamonds.', FALSE),
  (519, 'Camiseta Kashima Antlers Local', 173, '2025/26', 'local', 'actual', 20, 20, '/img/equipos/kashima-antlers-local.svg', 'Local equipacion 2025/26 del Kashima Antlers.', FALSE),
  (520, 'Camiseta Kashima Antlers Visitante', 173, '2025/26', 'visitante', 'actual', 20, 20, '/img/equipos/kashima-antlers-visitante.svg', 'Visitante equipacion 2025/26 del Kashima Antlers.', FALSE),
  (521, 'Camiseta Kashima Antlers Tercera', 173, '2025/26', 'tercera', 'actual', 20, 20, '/img/equipos/kashima-antlers-tercera.svg', 'Tercera equipacion 2025/26 del Kashima Antlers.', FALSE),
  (522, 'Camiseta Yokohama F. Marinos Local', 174, '2025/26', 'local', 'actual', 20, 20, '/img/equipos/yokohama-f-marinos-local.svg', 'Local equipacion 2025/26 del Yokohama F. Marinos.', FALSE),
  (523, 'Camiseta Yokohama F. Marinos Visitante', 174, '2025/26', 'visitante', 'actual', 20, 20, '/img/equipos/yokohama-f-marinos-visitante.svg', 'Visitante equipacion 2025/26 del Yokohama F. Marinos.', FALSE),
  (524, 'Camiseta Yokohama F. Marinos Tercera', 174, '2025/26', 'tercera', 'actual', 20, 20, '/img/equipos/yokohama-f-marinos-tercera.svg', 'Tercera equipacion 2025/26 del Yokohama F. Marinos.', FALSE),
  (525, 'Camiseta Kawasaki Frontale Local', 175, '2025/26', 'local', 'actual', 20, 20, '/img/equipos/kawasaki-frontale-local.svg', 'Local equipacion 2025/26 del Kawasaki Frontale.', FALSE),
  (526, 'Camiseta Kawasaki Frontale Visitante', 175, '2025/26', 'visitante', 'actual', 20, 20, '/img/equipos/kawasaki-frontale-visitante.svg', 'Visitante equipacion 2025/26 del Kawasaki Frontale.', FALSE),
  (527, 'Camiseta Kawasaki Frontale Tercera', 175, '2025/26', 'tercera', 'actual', 20, 20, '/img/equipos/kawasaki-frontale-tercera.svg', 'Tercera equipacion 2025/26 del Kawasaki Frontale.', FALSE),
  (528, 'Camiseta Vissel Kobe Local', 176, '2025/26', 'local', 'actual', 20, 20, '/img/equipos/vissel-kobe-local.svg', 'Local equipacion 2025/26 del Vissel Kobe.', FALSE),
  (529, 'Camiseta Vissel Kobe Visitante', 176, '2025/26', 'visitante', 'actual', 20, 20, '/img/equipos/vissel-kobe-visitante.svg', 'Visitante equipacion 2025/26 del Vissel Kobe.', FALSE),
  (530, 'Camiseta Vissel Kobe Tercera', 176, '2025/26', 'tercera', 'actual', 20, 20, '/img/equipos/vissel-kobe-tercera.svg', 'Tercera equipacion 2025/26 del Vissel Kobe.', FALSE),
  (531, 'Camiseta Gamba Osaka Local', 177, '2025/26', 'local', 'actual', 20, 20, '/img/equipos/gamba-osaka-local.svg', 'Local equipacion 2025/26 del Gamba Osaka.', FALSE),
  (532, 'Camiseta Gamba Osaka Visitante', 177, '2025/26', 'visitante', 'actual', 20, 20, '/img/equipos/gamba-osaka-visitante.svg', 'Visitante equipacion 2025/26 del Gamba Osaka.', FALSE),
  (533, 'Camiseta Gamba Osaka Tercera', 177, '2025/26', 'tercera', 'actual', 20, 20, '/img/equipos/gamba-osaka-tercera.svg', 'Tercera equipacion 2025/26 del Gamba Osaka.', FALSE),
  (534, 'Camiseta Club America Local', 178, '2025/26', 'local', 'actual', 20, 20, '/img/equipos/club-america-local.svg', 'Local equipacion 2025/26 del Club America.', FALSE),
  (535, 'Camiseta Club America Visitante', 178, '2025/26', 'visitante', 'actual', 20, 20, '/img/equipos/club-america-visitante.svg', 'Visitante equipacion 2025/26 del Club America.', FALSE),
  (536, 'Camiseta Club America Tercera', 178, '2025/26', 'tercera', 'actual', 20, 20, '/img/equipos/club-america-tercera.svg', 'Tercera equipacion 2025/26 del Club America.', FALSE),
  (537, 'Camiseta Guadalajara Local', 179, '2025/26', 'local', 'actual', 20, 20, '/img/equipos/guadalajara-local.svg', 'Local equipacion 2025/26 del Guadalajara.', FALSE),
  (538, 'Camiseta Guadalajara Visitante', 179, '2025/26', 'visitante', 'actual', 20, 20, '/img/equipos/guadalajara-visitante.svg', 'Visitante equipacion 2025/26 del Guadalajara.', FALSE),
  (539, 'Camiseta Guadalajara Tercera', 179, '2025/26', 'tercera', 'actual', 20, 20, '/img/equipos/guadalajara-tercera.svg', 'Tercera equipacion 2025/26 del Guadalajara.', FALSE),
  (540, 'Camiseta Cruz Azul Local', 180, '2025/26', 'local', 'actual', 20, 20, '/img/equipos/cruz-azul-local.svg', 'Local equipacion 2025/26 del Cruz Azul.', FALSE),
  (541, 'Camiseta Cruz Azul Visitante', 180, '2025/26', 'visitante', 'actual', 20, 20, '/img/equipos/cruz-azul-visitante.svg', 'Visitante equipacion 2025/26 del Cruz Azul.', FALSE),
  (542, 'Camiseta Cruz Azul Tercera', 180, '2025/26', 'tercera', 'actual', 20, 20, '/img/equipos/cruz-azul-tercera.svg', 'Tercera equipacion 2025/26 del Cruz Azul.', FALSE),
  (543, 'Camiseta Pumas UNAM Local', 181, '2025/26', 'local', 'actual', 20, 20, '/img/equipos/pumas-unam-local.svg', 'Local equipacion 2025/26 del Pumas UNAM.', FALSE),
  (544, 'Camiseta Pumas UNAM Visitante', 181, '2025/26', 'visitante', 'actual', 20, 20, '/img/equipos/pumas-unam-visitante.svg', 'Visitante equipacion 2025/26 del Pumas UNAM.', FALSE),
  (545, 'Camiseta Pumas UNAM Tercera', 181, '2025/26', 'tercera', 'actual', 20, 20, '/img/equipos/pumas-unam-tercera.svg', 'Tercera equipacion 2025/26 del Pumas UNAM.', FALSE),
  (546, 'Camiseta Monterrey Local', 182, '2025/26', 'local', 'actual', 20, 20, '/img/equipos/monterrey-local.svg', 'Local equipacion 2025/26 del Monterrey.', FALSE),
  (547, 'Camiseta Monterrey Visitante', 182, '2025/26', 'visitante', 'actual', 20, 20, '/img/equipos/monterrey-visitante.svg', 'Visitante equipacion 2025/26 del Monterrey.', FALSE),
  (548, 'Camiseta Monterrey Tercera', 182, '2025/26', 'tercera', 'actual', 20, 20, '/img/equipos/monterrey-tercera.svg', 'Tercera equipacion 2025/26 del Monterrey.', FALSE),
  (549, 'Camiseta Tigres UANL Local', 183, '2025/26', 'local', 'actual', 20, 20, '/img/equipos/tigres-uanl-local.svg', 'Local equipacion 2025/26 del Tigres UANL.', FALSE),
  (550, 'Camiseta Tigres UANL Visitante', 183, '2025/26', 'visitante', 'actual', 20, 20, '/img/equipos/tigres-uanl-visitante.svg', 'Visitante equipacion 2025/26 del Tigres UANL.', FALSE),
  (551, 'Camiseta Tigres UANL Tercera', 183, '2025/26', 'tercera', 'actual', 20, 20, '/img/equipos/tigres-uanl-tercera.svg', 'Tercera equipacion 2025/26 del Tigres UANL.', FALSE),
  (552, 'Camiseta Inter Miami Local', 184, '2025/26', 'local', 'actual', 20, 20, '/img/equipos/inter-miami-local.svg', 'Local equipacion 2025/26 del Inter Miami.', FALSE),
  (553, 'Camiseta Inter Miami Visitante', 184, '2025/26', 'visitante', 'actual', 20, 20, '/img/equipos/inter-miami-visitante.svg', 'Visitante equipacion 2025/26 del Inter Miami.', FALSE),
  (554, 'Camiseta Inter Miami Tercera', 184, '2025/26', 'tercera', 'actual', 20, 20, '/img/equipos/inter-miami-tercera.svg', 'Tercera equipacion 2025/26 del Inter Miami.', FALSE),
  (555, 'Camiseta LA Galaxy Local', 185, '2025/26', 'local', 'actual', 20, 20, '/img/equipos/la-galaxy-local.svg', 'Local equipacion 2025/26 del LA Galaxy.', FALSE),
  (556, 'Camiseta LA Galaxy Visitante', 185, '2025/26', 'visitante', 'actual', 20, 20, '/img/equipos/la-galaxy-visitante.svg', 'Visitante equipacion 2025/26 del LA Galaxy.', FALSE),
  (557, 'Camiseta LA Galaxy Tercera', 185, '2025/26', 'tercera', 'actual', 20, 20, '/img/equipos/la-galaxy-tercera.svg', 'Tercera equipacion 2025/26 del LA Galaxy.', FALSE),
  (558, 'Camiseta Los Angeles FC Local', 186, '2025/26', 'local', 'actual', 20, 20, '/img/equipos/los-angeles-fc-local.svg', 'Local equipacion 2025/26 del Los Angeles FC.', FALSE),
  (559, 'Camiseta Los Angeles FC Visitante', 186, '2025/26', 'visitante', 'actual', 20, 20, '/img/equipos/los-angeles-fc-visitante.svg', 'Visitante equipacion 2025/26 del Los Angeles FC.', FALSE),
  (560, 'Camiseta Los Angeles FC Tercera', 186, '2025/26', 'tercera', 'actual', 20, 20, '/img/equipos/los-angeles-fc-tercera.svg', 'Tercera equipacion 2025/26 del Los Angeles FC.', FALSE),
  (561, 'Camiseta Seattle Sounders Local', 187, '2025/26', 'local', 'actual', 20, 20, '/img/equipos/seattle-sounders-local.svg', 'Local equipacion 2025/26 del Seattle Sounders.', FALSE),
  (562, 'Camiseta Seattle Sounders Visitante', 187, '2025/26', 'visitante', 'actual', 20, 20, '/img/equipos/seattle-sounders-visitante.svg', 'Visitante equipacion 2025/26 del Seattle Sounders.', FALSE),
  (563, 'Camiseta Seattle Sounders Tercera', 187, '2025/26', 'tercera', 'actual', 20, 20, '/img/equipos/seattle-sounders-tercera.svg', 'Tercera equipacion 2025/26 del Seattle Sounders.', FALSE),
  (564, 'Camiseta Atlanta United Local', 188, '2025/26', 'local', 'actual', 20, 20, '/img/equipos/atlanta-united-local.svg', 'Local equipacion 2025/26 del Atlanta United.', FALSE),
  (565, 'Camiseta Atlanta United Visitante', 188, '2025/26', 'visitante', 'actual', 20, 20, '/img/equipos/atlanta-united-visitante.svg', 'Visitante equipacion 2025/26 del Atlanta United.', FALSE),
  (566, 'Camiseta Atlanta United Tercera', 188, '2025/26', 'tercera', 'actual', 20, 20, '/img/equipos/atlanta-united-tercera.svg', 'Tercera equipacion 2025/26 del Atlanta United.', FALSE),
  (567, 'Camiseta New York City FC Local', 189, '2025/26', 'local', 'actual', 20, 20, '/img/equipos/new-york-city-fc-local.svg', 'Local equipacion 2025/26 del New York City FC.', FALSE),
  (568, 'Camiseta New York City FC Visitante', 189, '2025/26', 'visitante', 'actual', 20, 20, '/img/equipos/new-york-city-fc-visitante.svg', 'Visitante equipacion 2025/26 del New York City FC.', FALSE),
  (569, 'Camiseta New York City FC Tercera', 189, '2025/26', 'tercera', 'actual', 20, 20, '/img/equipos/new-york-city-fc-tercera.svg', 'Tercera equipacion 2025/26 del New York City FC.', FALSE),
  (570, 'Camiseta Al Nassr Local', 190, '2025/26', 'local', 'actual', 20, 20, '/img/al-nassr.svg', 'Local equipacion 2025/26 del Al Nassr.', TRUE),
  (571, 'Camiseta Al Nassr Visitante', 190, '2025/26', 'visitante', 'actual', 20, 20, '/img/equipos/al-nassr-visitante.svg', 'Visitante equipacion 2025/26 del Al Nassr.', FALSE),
  (572, 'Camiseta Al Nassr Tercera', 190, '2025/26', 'tercera', 'actual', 20, 20, '/img/equipos/al-nassr-tercera.svg', 'Tercera equipacion 2025/26 del Al Nassr.', FALSE),
  (573, 'Camiseta Al Hilal Local', 191, '2025/26', 'local', 'actual', 20, 20, '/img/al-hilal.svg', 'Local equipacion 2025/26 del Al Hilal.', TRUE),
  (574, 'Camiseta Al Hilal Visitante', 191, '2025/26', 'visitante', 'actual', 20, 20, '/img/equipos/al-hilal-visitante.svg', 'Visitante equipacion 2025/26 del Al Hilal.', FALSE),
  (575, 'Camiseta Al Hilal Tercera', 191, '2025/26', 'tercera', 'actual', 20, 20, '/img/equipos/al-hilal-tercera.svg', 'Tercera equipacion 2025/26 del Al Hilal.', FALSE),
  (576, 'Camiseta Al Ittihad Local', 192, '2025/26', 'local', 'actual', 20, 20, '/img/equipos/al-ittihad-local.svg', 'Local equipacion 2025/26 del Al Ittihad.', FALSE),
  (577, 'Camiseta Al Ittihad Visitante', 192, '2025/26', 'visitante', 'actual', 20, 20, '/img/equipos/al-ittihad-visitante.svg', 'Visitante equipacion 2025/26 del Al Ittihad.', FALSE),
  (578, 'Camiseta Al Ittihad Tercera', 192, '2025/26', 'tercera', 'actual', 20, 20, '/img/equipos/al-ittihad-tercera.svg', 'Tercera equipacion 2025/26 del Al Ittihad.', FALSE),
  (579, 'Camiseta Al Ahli Local', 193, '2025/26', 'local', 'actual', 20, 20, '/img/equipos/al-ahli-local.svg', 'Local equipacion 2025/26 del Al Ahli.', FALSE),
  (580, 'Camiseta Al Ahli Visitante', 193, '2025/26', 'visitante', 'actual', 20, 20, '/img/equipos/al-ahli-visitante.svg', 'Visitante equipacion 2025/26 del Al Ahli.', FALSE),
  (581, 'Camiseta Al Ahli Tercera', 193, '2025/26', 'tercera', 'actual', 20, 20, '/img/equipos/al-ahli-tercera.svg', 'Tercera equipacion 2025/26 del Al Ahli.', FALSE),
  (582, 'Camiseta FC Porto Local', 194, '2025/26', 'local', 'actual', 20, 20, '/img/equipos/fc-porto-local.svg', 'Local equipacion 2025/26 del FC Porto.', FALSE),
  (583, 'Camiseta FC Porto Visitante', 194, '2025/26', 'visitante', 'actual', 20, 20, '/img/equipos/fc-porto-visitante.svg', 'Visitante equipacion 2025/26 del FC Porto.', FALSE),
  (584, 'Camiseta FC Porto Tercera', 194, '2025/26', 'tercera', 'actual', 20, 20, '/img/equipos/fc-porto-tercera.svg', 'Tercera equipacion 2025/26 del FC Porto.', FALSE),
  (585, 'Camiseta Benfica Local', 195, '2025/26', 'local', 'actual', 20, 20, '/img/equipos/benfica-local.svg', 'Local equipacion 2025/26 del Benfica.', FALSE),
  (586, 'Camiseta Benfica Visitante', 195, '2025/26', 'visitante', 'actual', 20, 20, '/img/equipos/benfica-visitante.svg', 'Visitante equipacion 2025/26 del Benfica.', FALSE),
  (587, 'Camiseta Benfica Tercera', 195, '2025/26', 'tercera', 'actual', 20, 20, '/img/equipos/benfica-tercera.svg', 'Tercera equipacion 2025/26 del Benfica.', FALSE),
  (588, 'Camiseta Sporting CP Local', 196, '2025/26', 'local', 'actual', 20, 20, '/img/equipos/sporting-cp-local.svg', 'Local equipacion 2025/26 del Sporting CP.', FALSE),
  (589, 'Camiseta Sporting CP Visitante', 196, '2025/26', 'visitante', 'actual', 20, 20, '/img/equipos/sporting-cp-visitante.svg', 'Visitante equipacion 2025/26 del Sporting CP.', FALSE),
  (590, 'Camiseta Sporting CP Tercera', 196, '2025/26', 'tercera', 'actual', 20, 20, '/img/equipos/sporting-cp-tercera.svg', 'Tercera equipacion 2025/26 del Sporting CP.', FALSE),
  (591, 'Camiseta Galatasaray Local', 197, '2025/26', 'local', 'actual', 20, 20, '/img/equipos/galatasaray-local.svg', 'Local equipacion 2025/26 del Galatasaray.', FALSE),
  (592, 'Camiseta Galatasaray Visitante', 197, '2025/26', 'visitante', 'actual', 20, 20, '/img/equipos/galatasaray-visitante.svg', 'Visitante equipacion 2025/26 del Galatasaray.', FALSE),
  (593, 'Camiseta Galatasaray Tercera', 197, '2025/26', 'tercera', 'actual', 20, 20, '/img/equipos/galatasaray-tercera.svg', 'Tercera equipacion 2025/26 del Galatasaray.', FALSE),
  (594, 'Camiseta Fenerbahce Local', 198, '2025/26', 'local', 'actual', 20, 20, '/img/equipos/fenerbahce-local.svg', 'Local equipacion 2025/26 del Fenerbahce.', FALSE),
  (595, 'Camiseta Fenerbahce Visitante', 198, '2025/26', 'visitante', 'actual', 20, 20, '/img/equipos/fenerbahce-visitante.svg', 'Visitante equipacion 2025/26 del Fenerbahce.', FALSE),
  (596, 'Camiseta Fenerbahce Tercera', 198, '2025/26', 'tercera', 'actual', 20, 20, '/img/equipos/fenerbahce-tercera.svg', 'Tercera equipacion 2025/26 del Fenerbahce.', FALSE),
  (597, 'Camiseta Besiktas Local', 199, '2025/26', 'local', 'actual', 20, 20, '/img/equipos/besiktas-local.svg', 'Local equipacion 2025/26 del Besiktas.', FALSE),
  (598, 'Camiseta Besiktas Visitante', 199, '2025/26', 'visitante', 'actual', 20, 20, '/img/equipos/besiktas-visitante.svg', 'Visitante equipacion 2025/26 del Besiktas.', FALSE),
  (599, 'Camiseta Besiktas Tercera', 199, '2025/26', 'tercera', 'actual', 20, 20, '/img/equipos/besiktas-tercera.svg', 'Tercera equipacion 2025/26 del Besiktas.', FALSE),
  (600, 'Camiseta Olympiacos Local', 200, '2025/26', 'local', 'actual', 20, 20, '/img/equipos/olympiacos-local.svg', 'Local equipacion 2025/26 del Olympiacos.', FALSE),
  (601, 'Camiseta Olympiacos Visitante', 200, '2025/26', 'visitante', 'actual', 20, 20, '/img/equipos/olympiacos-visitante.svg', 'Visitante equipacion 2025/26 del Olympiacos.', FALSE),
  (602, 'Camiseta Olympiacos Tercera', 200, '2025/26', 'tercera', 'actual', 20, 20, '/img/equipos/olympiacos-tercera.svg', 'Tercera equipacion 2025/26 del Olympiacos.', FALSE),
  (603, 'Camiseta Red Bull Salzburg Local', 201, '2025/26', 'local', 'actual', 20, 20, '/img/equipos/red-bull-salzburg-local.svg', 'Local equipacion 2025/26 del Red Bull Salzburg.', FALSE),
  (604, 'Camiseta Red Bull Salzburg Visitante', 201, '2025/26', 'visitante', 'actual', 20, 20, '/img/equipos/red-bull-salzburg-visitante.svg', 'Visitante equipacion 2025/26 del Red Bull Salzburg.', FALSE),
  (605, 'Camiseta Red Bull Salzburg Tercera', 201, '2025/26', 'tercera', 'actual', 20, 20, '/img/equipos/red-bull-salzburg-tercera.svg', 'Tercera equipacion 2025/26 del Red Bull Salzburg.', FALSE);

ALTER TABLE usuarios AUTO_INCREMENT = 2000;
ALTER TABLE ligas AUTO_INCREMENT = 2000;
ALTER TABLE equipos AUTO_INCREMENT = 2000;
ALTER TABLE camisetas AUTO_INCREMENT = 2000;
ALTER TABLE pedidos AUTO_INCREMENT = 2000;
ALTER TABLE pedido_items AUTO_INCREMENT = 2000;

-- Ventas iniciales de ejemplo (la popularidad sube con cada compra real)
UPDATE camisetas SET ventas = MOD(id * 37 + 13, 200);
UPDATE camisetas SET ventas = ventas + 300 WHERE destacado = TRUE;

-- Precios variados entre 20 y 25 euros (cifras redondas)
UPDATE camisetas SET precio = 20 + MOD(id * 7, 6);

-- Quitamos las camisetas retro del catalogo
DELETE FROM camisetas WHERE coleccion = 'retro';

-- Pedidos de ejemplo (para que las tablas pedidos y pedido_items no esten vacias)
INSERT INTO pedidos (id, usuario_id, fecha, total, estado) VALUES
  (1, 2, '2026-06-05 18:20:00', 62, 'pagado'),
  (2, 2, '2026-06-07 12:05:00', 20, 'pagado'),
  (3, 1, '2026-06-09 20:45:00', 82, 'pagado');

INSERT INTO pedido_items (id, pedido_id, camiseta_id, cantidad, precio_unit, talla, nombre_jugador, dorsal) VALUES
  (1, 1, 3,  1, 22, 'L',   'BELLINGHAM', '5'),
  (2, 1, 20, 2, 20, 'M',   NULL,         NULL),
  (3, 2, 5,  1, 20, 'XL',  NULL,         NULL),
  (4, 3, 8,  3, 20, '2XL', NULL,         NULL),
  (5, 3, 10, 1, 22, 'M',   'GRIEZMANN',  '7');

ALTER TABLE pedidos AUTO_INCREMENT = 2000;
ALTER TABLE pedido_items AUTO_INCREMENT = 2000;

-- Escudos que faltaban (id de api-sports: media.api-sports.io/football/teams/{id}.png)
UPDATE equipos SET escudo_url='https://media.api-sports.io/football/teams/540.png'  WHERE id=17;   -- RCD Espanyol
UPDATE equipos SET escudo_url='https://media.api-sports.io/football/teams/718.png'  WHERE id=20;   -- Real Oviedo
UPDATE equipos SET escudo_url='https://media.api-sports.io/football/teams/544.png'  WHERE id=21;   -- Deportivo La Coruna
UPDATE equipos SET escudo_url='https://media.api-sports.io/football/teams/720.png'  WHERE id=31;   -- Real Valladolid
UPDATE equipos SET escudo_url='https://media.api-sports.io/football/teams/5254.png' WHERE id=34;   -- CD Castellon
UPDATE equipos SET escudo_url='https://media.api-sports.io/football/teams/799.png'  WHERE id=35;   -- CD Mirandes
UPDATE equipos SET escudo_url='https://media.api-sports.io/football/teams/39.png'   WHERE id=47;   -- Wolverhampton
UPDATE equipos SET escudo_url='https://media.api-sports.io/football/teams/46.png'   WHERE id=56;   -- Leicester City
UPDATE equipos SET escudo_url='https://media.api-sports.io/football/teams/57.png'   WHERE id=57;   -- Ipswich Town
UPDATE equipos SET escudo_url='https://media.api-sports.io/football/teams/62.png'   WHERE id=59;   -- Sheffield United
UPDATE equipos SET escudo_url='https://media.api-sports.io/football/teams/60.png'   WHERE id=60;   -- West Bromwich Albion
UPDATE equipos SET escudo_url='https://media.api-sports.io/football/teams/54.png'   WHERE id=67;   -- Birmingham City
UPDATE equipos SET escudo_url='https://media.api-sports.io/football/teams/1837.png' WHERE id=68;   -- Wrexham
UPDATE equipos SET escudo_url='https://media.api-sports.io/football/teams/1335.png' WHERE id=69;   -- Charlton Athletic
UPDATE equipos SET escudo_url='https://media.api-sports.io/football/teams/59.png'   WHERE id=70;   -- Preston North End
UPDATE equipos SET escudo_url='https://media.api-sports.io/football/teams/94.png'   WHERE id=78;   -- Stade Rennais
UPDATE equipos SET escudo_url='https://media.api-sports.io/football/teams/108.png'  WHERE id=83;   -- AJ Auxerre
UPDATE equipos SET escudo_url='https://media.api-sports.io/football/teams/97.png'   WHERE id=86;   -- Lorient
UPDATE equipos SET escudo_url='https://media.api-sports.io/football/teams/114.png'  WHERE id=87;   -- Paris FC
UPDATE equipos SET escudo_url='https://media.api-sports.io/football/teams/112.png'  WHERE id=88;   -- Metz
UPDATE equipos SET escudo_url='https://media.api-sports.io/football/teams/186.png'  WHERE id=104;  -- St. Pauli
UPDATE equipos SET escudo_url='https://media.api-sports.io/football/teams/192.png'  WHERE id=106;  -- 1. FC Koln
UPDATE equipos SET escudo_url='https://media.api-sports.io/football/teams/488.png'  WHERE id=134;  -- Sassuolo
UPDATE equipos SET escudo_url='https://media.api-sports.io/football/teams/801.png'  WHERE id=135;  -- Pisa
UPDATE equipos SET escudo_url='https://media.api-sports.io/football/teams/520.png'  WHERE id=136;  -- Cremonese
UPDATE equipos SET escudo_url='https://media.api-sports.io/football/teams/2286.png' WHERE id=181;  -- Pumas UNAM
UPDATE equipos SET escudo_url='https://media.api-sports.io/football/teams/1605.png' WHERE id=185;  -- LA Galaxy
UPDATE equipos SET escudo_url='https://media.api-sports.io/football/teams/553.png'  WHERE id=200;  -- Olympiacos
